object_class,AdapterIntfType,AdapterName,Alias,AttrPos,AttrType,BusinessName,Cardinality,CleanupOnError,CompSubType,CompTypeVersion,CpOrder,CpPos,DataTypeName,Descript,Description,Direction,DispNameKey,ExecOnHint,ExpTxtNb,ExtDtQualName,ExtVersion,FcoGuid,FcoQualifiedName,FcoQualifiedName2,FcoQualifiedName3,FirstDate,FirstUser,GenType,GlobalId,GrpFunc,HasUnparsedIdent,HintSyncState,ICheckKm,IContextMapRef,IDataMapRef,IDeploySpec,IDisTechRef,IEndMapCp,IEuKmRef,IExOnLsRef,IExecUnit,IExecUnitGrp,IFcoId,IFolder,IFromPhyNode,ILschemaRef,IMapAttr,IMapComp,IMapCompType,IMapConn,IMapCp,IMapCpRole,IMapExpr,IMapExprRef,IMapProp,IMapPropParent,IMapRef,IMapRefCp,IMapping,IOwnerDs,IOwnerMapAttr,IOwnerMapComp,IOwnerMapCp,IOwnerMapExpr,IOwnerMapProp,IOwnerMapping,IOwnerPhyNode,IParExecUnit,IParMapAttr,IParMapCp,IParPhyNode,IPhyExpr,IPhyNode,IProject,IPropDef,IPropXrefValue,IRefId,IRefMapAttr,IRefMapComp,IRefMapRef,IRefPhyNode,IRmExprRef,IScBaseMapping,IScId,IScMapping,IScOrigMapping,IScopingMapCp,ISrcCompKm,IStartMapCp,ITechno,ITgtCompKm,IToPhyNode,IndChange,IndFixedByHint,IndFixedByTechno,InstObjNb,IntDtQualName,IntVersion,IsActive,IsCardinal,IsConcurrent,IsDerivedName,IsFixedEu,IsFrozen,IsHidden,IsParsed,IsRequired,IsReusable,IsTap,IsValid,JoinColNb,JoinNb,KeyColNb,KeyNb,LastDate,LastUser,Length,LinkDiagNb,LogStagelocName,LschemaName,MetadataVersion,MorigTxtNb,MtxtNb,MultiConGenType,Name,NodeType,OdiVersion,OptClassName,OrigTxtNb,OriginRepositoryID,OtherObjectsNb,ParsedText,ParsedTxt,PlanAgentNb,Prec,PropDefGuid,PropDefQualifiedName,PropOrder,PropType,PropValue,PropValues,PushedByHint,QualifiedName,QualifiedName2,QualifiedName3,RefCompName,RefCount,RefCpName,RefDsInputCp,RefExprQualName,RefGuid,RefKey,RefObjFQName,RefObjFQNameLengths,RefObjFQType,RefObjGlobalId,RefText,RepositoryVersion,ScGuid,ScOrigMappingTag,Scale,ScenTxtNb,SortPos,SourceDt,StageTableName,StepNb,SyncReqd,Text,TextHash,TextOnly,Txt,TxtNb,TypeName,UeOrigNb,UeUsedNb,ValidationCode,VarPlanAgentNb
SnpMapping,,,,,,null,,,,,,,,null,null,,,,,,null,,,,,2026-06-16 20:37:17.0,ENDER,,fa4adfd8-3d3b-402f-9728-c31209f76e0c,,,,,null,,,,,,,,,,4111,,,,,,,,,,,,,,,33424,,,,,,,,,,,,,,,null,,,,,,,,,null,,null,null,,,,,,,U,,,,,5,,,,,,,,,,N,,,,,,,2026-06-16 21:15:50.0,ENDER,,,,,12,,,,Test_3,,,,,,,,,,,,,,,,null,,,,,,,,,,,,,,,,,,,null,,,,,,,,,,,,,,,,,
SnpMapRef,IColumn,ODI,,,,null,,,,,,,,,null,,,,,,,null,IDataStore,null,null,null,null,,564063c3-7020-4b9b-be8e-0f9771e4881d,,,,,,,,,,,,,,8583,,,,,,,,,,,,,,1828820,,,,,,,,,33424,,,,,,,,,,,169332,,,,,,,null,,,,,,,,,null,,,,,null,,,,,,,,,,,,,,,,,null,null,,,,,,,,,null,,,,,,,,,,,,,,,,,,Pmt_Meth_Type_Nm,null,null,,1,,,,8f0953e2-76cd-49d4-a611-72b0368ccd71,,,,,,,,null,,,,,,,,,,,,,,,,,,
SnpMapRef,IDataStore,ODI,,,,null,,,,,,,,,null,,,,,,,null,null,null,null,null,null,,e658b581-62c1-41b5-a73b-1615dd746cd2,,,,,,,,,,,,,,null,,,,,,,,,,,,,,1828814,,,,,,,,,33424,,,,,,,,,,,8583,,,,,,,null,,,,,,,,,null,,,,,null,,,,,,,,,,,,,,,,,null,null,,,,,,,,,null,,,,,,,,,,,,,,,,,,COPY_OF_EDW_SEM.d_pmt_meth_type,null,null,,5,,,,11ebabad-5212-43df-9a41-43c6a405c40f,,,,,,,,null,,,,,,,,,,,,,,,,,,
SnpMapComp,,,null,,,null,,,,null,,,,null,null,,,,,,,,,,,,,,744c06a7-5a31-491b-a570-31de406f7064,,,,,,,,,,,,,,,,,,,191370,1,,,,,,,,1828814,,,,,null,,,,33424,,,,,,,,,,,,,,,,,,,,,,,,null,,,,,,,,,,0,,1,,,0,,,,,,,,,,,,,,,,,,,,d_pmt_meth_type,,,,,,,,,,,,,,,,null,,,,,,,,,,,,,,,,,,,,,,2,,,,,,,,,,DATASTORE,,,,
SnpMapCp,,,,,,null,M,,null,,1,null,,null,null,O,,,,,,,,,,,,,72968760-2cf5-4b7a-b905-1e843850cadb,,,,,,,,,,,,,,,,,,,,,,404959,2,,,,,null,,,,,191370,,,,,,,,null,,,,,,,,,,,,,,,,,,,,,,,,,,,,,,,,,,,,,,,,,,,,,,,,,,,,,,,OUTPUT1,,,,,,,,,,,,,,,,,,,,,,,,,,,,,,,,,,,,,,,,,,,,,,,,,,,,
SnpMapAttr,,,null,null,P,null,,,,,,,null,null,null,,,,,null,,,,,,null,null,,d56af716-c985-435f-81fe-66d430572180,AUTO,,,,,1828825,,,,,,,,,,,,1403552,,,,,,,,,,1828820,,,,,,404959,,,,,,null,,,,,,,,,,,,,,,,,,,,,,,,null,,,,null,null,,,,1,,,,,0,,,,,,,,null,null,null,,,,,,,,pmt_meth_type_nm,,,,,,,,,,null,,,,,,null,,,,,,,,,,,,,,,,,,,,null,,3,null,,,,,,,,,,,,,
SnpMapCp,,,,,,null,M,,null,,1,null,,null,null,I,,,,,,,,,,,,,d30d3df7-3944-4c11-ba23-45b769676430,,,,,,,,,,,,,,,,,,,,,,404958,1,,,,,null,,,,,191370,,,,,,,,null,,,,,,,,,,,,,,,,,,,,,,,,,,,,,,,,,,,,,,,,,,,,,,,,,,,,,,,INPUT1,,,,,,,,,,,,,,,,,,,,,,,,,,,,,,,,,,,,,,,,,,,,,,,,,,,,
SnpMapExpr,,,,,,,,,,,,,,,,,,N,,,,,,,,null,null,,0416c0ba-87ef-4085-845f-0d3d9c31a222,,null,,,,,,null,,,null,,,,,,,,,,,404958,,982208,,,,,,,,1403552,,,,null,,,,,,,,,,,,,,,,,,,,,,,,,,,,null,,,,,null,null,,,,,,,1,,,,,,,,,null,null,,,,,,,,,,,,,,,,null,@{R0},,,,,,,,null,,,,,,,,,,,,,,,,,,,,,,,,,,,null,-941667262,0,pmt_meth_type.pmt_meth_type_nm,,,,,null,
SnpMapRef,IKnowledgeModule,ODI,,,,null,,,,,,,,,null,,,,,,,null,null,null,null,null,null,,a7f2ff3d-5092-451d-a31d-f236ec5f70bc,,,,,,,,,,,,,,null,,,,,,,,,,,,,,1828837,,,,,,,,,33424,,,,,,,,,,,4475,,,,,,,null,,,,,,,,,null,,,,,null,,,,,,,,,,,,,,,,,null,null,,,,,,,,,null,,,,,,,,,,,,,,,,,,CW_PRJ_EDW_PILOT.BQ  Insert Inplace Update,null,null,,1,,,,bde849d9-3b4a-4abf-be74-7158a2527c01,,,,,,,,null,,,,,,,,,,,,,,,,,,
SnpMapRef,IContext,ODI,,,,null,,,,,,,,,null,,,,,,,null,null,null,null,null,null,,2066af52-2f45-4f54-b930-fb96bba7684d,,,,,,,,,,,,,,null,,,,,,,,,,,,,,1828836,,,,,,,,,33424,,,,,,,,,,,29,,,,,,,null,,,,,,,,,null,,,,,null,,,,,,,,,,,,,,,,,null,null,,,,,,,,,null,,,,,,,,,,,,,,,,,,BIGQUERY_DEV_CONTEXT,null,null,,3,,,,6d84d77b-b84b-4c43-a565-991b37d554bf,,,,,,,,null,,,,,,,,,,,,,,,,,,
SnpDeploySpec,,,,,,null,,0,,,,,,null,null,,,,,,,,,,,,,,0d08ed00-4eb7-492c-a0eb-95d2d8575094,,,,,,,33413,,,,,,,,,,,,,,,,,,,,,1828836,,,,,,,,,33424,,,,,,,,,,,,,,,,,,,,,,,,,,,,,,,,,,,0,,,0,,,,,,,,,,,,,,,null,,,,,,Physical,,,,,,,,,,,,,,,,,,,,,,,,,,,,,,,,,,,,,,,,,,0,,,,,,,,,,
SnpExecUnitGrp,,,,,,null,,,,,,,,null,null,,,,,,,,,,,,,,05f2e0a7-e841-49d2-a246-7ff5458da667,,,,,,,,,,,,,33424,,,,,,,,,,,,,,,,,,33413,,,,,,,,,,,,,,,,,,,,,,,,,,,,,,,,,,,,,,,,,,,,,,,,,,,,,,,,,,,,,,,,,TARGET_GROUP,,,,,,,,,,,,,,,,,,,,,,,,,,,,,,,,,,,,,,,,,,,,,,,,,,,,
SnpExecUnit,,,,,,Copy_of_BQ_EDW_SEM_UNIT,,,,,,,,null,null,,,,,,,,,,,,,null,99180bfb-66b7-4863-a552-49688669fa0f,,,,,,,,,,1828834,,33428,33424,,,,1828829,,,,,,,,,,,,,,33413,,,,,,,,null,,,,,,,,,,,,,,,,,,,,,,,,,,,,,,,,,,,,,,,,,null,,,,,,,,,,,null,,,,null,Copy_of_BQ_EDW_SEM_UNIT,,,null,,,,,,,,,,,,,,,,,,,,,,,,,,,,,,,,,,,,,,,,,,,,,,,,,
SnpPhyNode,,,,,,null,,,,,,,,null,null,,,,,,,,,,,,,,46119aaf-1525-435f-b04a-69e3899a55f3,,,null,null,,,,,,,,33428,,,,,,,191370,,,404959,,,,,,null,null,,33413,,,,,,,,,,,null,,175591,,,,,,,,null,,,,,,,null,,,1828837,,,0,0,,,,,,,,0,,,,,,,,,,,,,,,,,,,,,,D_PMT_METH_TYPE,B,,,,,,,,,,,,,,,,,,,,null,,null,null,,,,,,,,,,,,,,,,null,,,,,,,,,,,,
SnpPhyExpr,,,,,,,,,,,,,,,,,,,,,,,,,,,,,e2df3b20-5521-4577-ba82-8c2b9d003b3f,,,null,,,,,,,,,,,,,null,,,,,,,,982208,,,,,,,,,,,,,,175591,,,,,675708,,,,,,,,,,null,,,,,,,,,,null,,,,,,,,,,,,,,,,,,,,,,,,,,,,,,,,,,,,,,,,,,,,,,,,,,0,,,,,,,,null,,,,,,,,,,,,,,,,,,,,,,,,,,,
SnpMapRef,IColumn,ODI,,,,null,,,,,,,,,null,,,,,,,null,IDataStore,null,null,null,null,,92abde7f-3866-40f8-907d-ef77a97c9e85,,,,,,,,,,,,,,9418,,,,,,,,,,,,,,1828818,,,,,,,,,33424,,,,,,,,,,,180829,,,,,,,null,,,,,,,,,null,,,,,null,,,,,,,,,,,,,,,,,null,null,,,,,,,,,null,,,,,,,,,,,,,,,,,,Pmt_Meth_Type_Nm,null,null,,1,,,,0a9ebcc7-caf6-4aed-b78f-211c2b6903fe,,,,,,,,null,,,,,,,,,,,,,,,,,,
SnpMapRef,IDataStore,ODI,,,,null,,,,,,,,,null,,,,,,,null,null,null,null,null,null,,7b7ef6fd-b3a7-4134-b27c-01743f02039d,,,,,,,,,,,,,,null,,,,,,,,,,,,,,1828813,,,,,,,,,33424,,,,,,,,,,,9418,,,,,,,null,,,,,,,,,null,,,,,null,,,,,,,,,,,,,,,,,null,null,,,,,,,,,null,,,,,,,,,,,,,,,,,,COPY_OF_EDW_VODACOM.pmt_meth_type,null,null,,6,,,,8387f7b7-54ac-4c99-9a71-b53ace96e599,,,,,,,,null,,,,,,,,,,,,,,,,,,
SnpMapComp,,,null,,,null,,,,null,,,,null,null,,,,,,,,,,,,,,99bc84dc-169d-4554-9cf4-caf92c9330f6,,,,,,,,,,,,,,,,,,,191368,1,,,,,,,,1828813,,,,,null,,,,33424,,,,,,,,,,,,,,,,,,,,,,,,null,,,,,,,,,,0,,1,,,0,,,,,,,,,,,,,,,,,,,,pmt_meth_type,,,,,,,,,,,,,,,,null,,,,,,,,,,,,,,,,,,,,,,0,,,,,,,,,,DATASTORE,,,,
SnpMapCp,,,,,,null,M,,null,,1,null,,null,null,O,,,,,,,,,,,,,da192690-bfc0-4931-ada0-344b7e2b083e,,,,,,,,,,,,,,,,,,,,,,404955,2,,,,,null,,,,,191368,,,,,,,,null,,,,,,,,,,,,,,,,,,,,,,,,,,,,,,,,,,,,,,,,,,,,,,,,,,,,,,,OUTPUT1,,,,,,,,,,,,,,,,,,,,,,,,,,,,,,,,,,,,,,,,,,,,,,,,,,,,
SnpMapAttr,,,null,null,P,null,,,,,,,null,null,null,,,,,null,,,,,,null,null,,a4f55ba2-d632-4c87-9808-e9fabc3afc6c,AUTO,,,,,1828825,,,,,,,,,,,,1403548,,,,,,,,,,1828818,,,,,,404955,,,,,,null,,,,,,,,,,,,,,,,,,,,,,,,null,,,,null,null,,,,1,,,,,0,,,,,,,,null,null,null,,,,,,,,pmt_meth_type_nm,,,,,,,,,,null,,,,,,null,,,,,,,,,,,,,,,,,,,,null,,2,null,,,,,,,,,,,,,
SnpMapExprRef,,,,,,,,,,,,,,,,,,,,,,,,,,,,,fe0c5d45-c9c8-4619-849d-aaebd8fd5195,,,,,,,,,,,,,,,,,,,,,,,,,977490,,,,,,,,,,982208,,,,,,,,,,,,,,1403548,null,null,,,,,,,404958,,,,,,,,,,,,,,,,,,,,,,,0,,,,,,,,,,,,,,,,,,,,,,,,,,,,,,,,,,,,,,,,,,R0,,,,,pmt_meth_type.pmt_meth_type_nm,,,,,,,,,,,,,,,,,,,,
SnpMapRef,IColumn,ODI,,,,null,,,,,,,,,null,,,,,,,null,IDataStore,null,null,null,null,,4e3fe6b8-8bc4-4e71-aac0-95302279b367,,,,,,,,,,,,,,9418,,,,,,,,,,,,,,1828823,,,,,,,,,33424,,,,,,,,,,,180832,,,,,,,null,,,,,,,,,null,,,,,null,,,,,,,,,,,,,,,,,null,null,,,,,,,,,null,,,,,,,,,,,,,,,,,,Prcss_Clsd_Dttm,null,null,,1,,,,4fa524ef-3e35-4b39-bc55-fe288d0e1cf0,,,,,,,,null,,,,,,,,,,,,,,,,,,
SnpMapAttr,,,null,null,P,null,,,,,,,null,null,null,,,,,null,,,,,,null,null,,0e605c97-2de9-458d-91e7-712cdb62ab33,AUTO,,,,,1828826,,,,,,,,,,,,1403550,,,,,,,,,,1828823,,,,,,404955,,,,,,null,,,,,,,,,,,,,,,,,,,,,,,,null,,,,null,null,,,,1,,,,,0,,,,,,,,null,null,6,,,,,,,,prcss_clsd_dttm,,,,,,,,,,null,,,,,,null,,,,,,,,,,,,,,,,,,,,null,,5,null,,,,,,,,,,,,,
SnpMapComp,,,null,,,null,,,,null,,,,null,null,,,,,,,,,,,,,,940cecf1-a48c-49eb-ac52-dbc0c38e6d7c,,,,,,,,,,,,,,,,,,,191369,2,,,,,,,,null,,,,,null,,,,33424,,,,,,,,,,,,,,,,,,,,,,,,null,,,,,,,,,,0,,0,,,0,,,,,,,,,,,,,,,,,,,,FILTER,,,,,,,,,,,,,,,,null,,,,,,,,,,,,,,,,,,,,,,1,,,,,,,,,,FILTER,,,,
SnpMapCp,,,,,,null,M,,null,,1,null,,null,null,I,,,,,,,,,,,,,169fedbb-4c60-4ff2-85c1-8e68de9cc989,,,,,,,,,,,,,,,,,,,,,,404956,3,,,,,null,,,,,191369,,,,,,,,null,,,,,,,,,,,,,,,,,,,,,,,,,,,,,,,,,,,,,,,,,,,,,,,,,,,,,,,INPUT1,,,,,,,,,,,,,,,,,,,,,,,,,,,,,,,,,,,,,,,,,,,,,,,,,,,,
SnpMapProp,,,,,,null,,,,,,,,null,null,,null,,,,,,,,,,,,54267f2e-e37d-4638-bea3-f7eb8870796c,,,,,,,null,,,,,null,,,,,,null,191369,,,null,,,,2375560,null,,,null,,,,,,,33424,,,,,,,null,,36,null,,,,,,,,,,,,,,,,,,,,,,,,,,,,,0,,,,,,,,,,,,,,,,,,,,FILTER_CONDITION,,,,,,,,,,,null,null,-1,E,null,,,,,,,,,,,,,,,,,,,,,,,,,,,,,,,,,,,,,
SnpMapExpr,,,,,,,,,,,,,,,,,,N,,,,,,,,null,null,,7fcc6ab3-cd9d-4fb6-8199-7cc872977300,,null,,,,,,null,,,null,,,,,,,,,,,null,,982212,,,,,,,,null,,,,2375560,,,,,,,,,,,,,,,,,,,,,,,,,,,,null,,,,,null,null,,,,,,,1,,,,,,,,,null,null,,,,,,,,,,,,,,,,null,"@{R0} = CAST('2050-12-31 23:59:59' AS TIMESTAMP(0) FORMAT 'YYYY-MM-DDbHH:MI:SS')
AND @{R1} <> 'NA'",,,,,,,,null,,,,,,,,,,,,,,,,,,,,,,,,,,,null,1444573774,0,"pmt_meth_type.prcss_clsd_dttm = CAST('2050-12-31 23:59:59' AS TIMESTAMP(0) FORMAT 'YYYY-MM-DDbHH:MI:SS')
AND pmt_meth_type.pmt_meth_type_cd <> 'NA'",,,,,null,
SnpMapExprRef,,,,,,,,,,,,,,,,,,,,,,,,,,,,,ec775421-4c24-4449-8b62-7a26b9390dd5,,,,,,,,,,,,,,,,,,,,,,,,,977492,,,,,,,,,,982212,,,,,,,,,,,,,,1403550,null,null,,,,,,,404956,,,,,,,,,,,,,,,,,,,,,,,0,,,,,,,,,,,,,,,,,,,,,,,,,,,,,,,,,,,,,,,,,,R0,,,,,pmt_meth_type.prcss_clsd_dttm,,,,,,,,,,,,,,,,,,,,
SnpMapRef,IColumn,ODI,,,,null,,,,,,,,,null,,,,,,,null,IDataStore,null,null,null,null,,59927b2e-23ee-42e3-a68b-947bac73df1d,,,,,,,,,,,,,,8583,,,,,,,,,,,,,,1828822,,,,,,,,,33424,,,,,,,,,,,169333,,,,,,,null,,,,,,,,,null,,,,,null,,,,,,,,,,,,,,,,,null,null,,,,,,,,,null,,,,,,,,,,,,,,,,,,Pmt_Meth_Type_Desc,null,null,,1,,,,883984c7-e06a-4291-908e-f38d3e7f4151,,,,,,,,null,,,,,,,,,,,,,,,,,,
SnpMapAttr,,,null,null,P,null,,,,,,,null,null,null,,,,,null,,,,,,null,null,,c189c8b6-024d-46e8-b54f-325abf23206e,AUTO,,,,,1828825,,,,,,,,,,,,1403553,,,,,,,,,,1828822,,,,,,404959,,,,,,null,,,,,,,,,,,,,,,,,,,,,,,,null,,,,null,null,,,,1,,,,,0,,,,,,,,null,null,null,,,,,,,,pmt_meth_type_desc,,,,,,,,,,null,,,,,,null,,,,,,,,,,,,,,,,,,,,null,,4,null,,,,,,,,,,,,,
SnpMapExpr,,,,,,,,,,,,,,,,,,N,,,,,,,,null,null,,25538740-3c5a-4c30-b82e-636caba7b064,,null,,,,,,null,,,null,,,,,,,,,,,404958,,982213,,,,,,,,1403553,,,,null,,,,,,,,,,,,,,,,,,,,,,,,,,,,null,,,,,null,null,,,,,,,1,,,,,,,,,null,null,,,,,,,,,,,,,,,,null,@{R0},,,,,,,,null,,,,,,,,,,,,,,,,,,,,,,,,,,,null,1295558740,0,pmt_meth_type.pmt_meth_type_desc,,,,,null,
SnpPhyExpr,,,,,,,,,,,,,,,,,,,,,,,,,,,,,00958864-2afa-4a3a-8e30-282e6925e6c7,,,null,,,,,,,,,,,,,null,,,,,,,,982213,,,,,,,,,,,,,,175591,,,,,675709,,,,,,,,,,null,,,,,,,,,,null,,,,,,,,,,,,,,,,,,,,,,,,,,,,,,,,,,,,,,,,,,,,,,,,,,0,,,,,,,,null,,,,,,,,,,,,,,,,,,,,,,,,,,,
SnpMapRef,IColumn,ODI,,,,null,,,,,,,,,null,,,,,,,null,IDataStore,null,null,null,null,,3c593944-ba9c-481b-9248-3726fcb714bd,,,,,,,,,,,,,,9418,,,,,,,,,,,,,,1828827,,,,,,,,,33424,,,,,,,,,,,183712,,,,,,,null,,,,,,,,,null,,,,,null,,,,,,,,,,,,,,,,,null,null,,,,,,,,,null,,,,,,,,,,,,,,,,,,pmt_meth_type_desc,null,null,,1,,,,c52bcc68-d022-4af1-8da8-050e02d98c73,,,,,,,,null,,,,,,,,,,,,,,,,,,
SnpMapAttr,,,null,null,P,null,,,,,,,null,null,null,,,,,null,,,,,,null,null,,ae6edddf-c687-4d32-83e6-e888f44ec017,AUTO,,,,,1828825,,,,,,,,,,,,1403554,,,,,,,,,,1828827,,,,,,404955,,,,,,null,,,,,,,,,,,,,,,,,,,,,,,,null,,,,null,null,,,,1,,,,,0,,,,,,,,null,null,null,,,,,,,,pmt_meth_type_desc,,,,,,,,,,null,,,,,,null,,,,,,,,,,,,,,,,,,,,null,,3,null,,,,,,,,,,,,,
SnpMapExprRef,,,,,,,,,,,,,,,,,,,,,,,,,,,,,2958dc66-6f7d-4c25-a2a8-5cf627a79480,,,,,,,,,,,,,,,,,,,,,,,,,977494,,,,,,,,,,982213,,,,,,,,,,,,,,1403554,null,null,,,,,,,404958,,,,,,,,,,,,,,,,,,,,,,,0,,,,,,,,,,,,,,,,,,,,,,,,,,,,,,,,,,,,,,,,,,R0,,,,,pmt_meth_type.pmt_meth_type_desc,,,,,,,,,,,,,,,,,,,,
SnpMapRef,IColumn,ODI,,,,null,,,,,,,,,null,,,,,,,null,IDataStore,null,null,null,null,,7c5d826e-44a7-4cfa-96a7-b48f1d699aa9,,,,,,,,,,,,,,8583,,,,,,,,,,,,,,1828817,,,,,,,,,33424,,,,,,,,,,,169331,,,,,,,null,,,,,,,,,null,,,,,null,,,,,,,,,,,,,,,,,null,null,,,,,,,,,null,,,,,,,,,,,,,,,,,,Pmt_Meth_Type_Cd,null,null,,1,,,,a1c68c79-4004-4777-93a9-03a03693afb7,,,,,,,,null,,,,,,,,,,,,,,,,,,
SnpMapAttr,,,null,null,P,null,,,,,,,null,null,null,,,,,null,,,,,,null,null,,8af72fef-4994-4f75-a2ae-d96aca6ce673,AUTO,,,,,1828825,,,,,,,,,,,,1403551,,,,,,,,,,1828817,,,,,,404959,,,,,,null,,,,,,,,,,,,,,,,,,,,,,,,null,,,,null,null,,,,1,,,,,0,,,,,,,,null,null,null,,,,,,,,pmt_meth_type_cd,,,,,,,,,,null,,,,,,null,,,,,,,,,,,,,,,,,,,,null,,2,null,,,,,,,,,,,,,
SnpMapExpr,,,,,,,,,,,,,,,,,,N,,,,,,,,null,null,,8f6191de-f677-45ab-98b0-e1b8386b7bcb,,null,,,,,,null,,,null,,,,,,,,,,,404958,,982207,,,,,,,,1403551,,,,null,,,,,,,,,,,,,,,,,,,,,,,,,,,,null,,,,,null,null,,,,,,,1,,,,,,,,,null,null,,,,,,,,,,,,,,,,null,@{R0},,,,,,,,null,,,,,,,,,,,,,,,,,,,,,,,,,,,null,-941667612,0,pmt_meth_type.pmt_meth_type_cd,,,,,null,
SnpPhyExpr,,,,,,,,,,,,,,,,,,,,,,,,,,,,,75f34441-7a49-4a41-b7fa-e385a6bfff5c,,,null,,,,,,,,,,,,,null,,,,,,,,982207,,,,,,,,,,,,,,175591,,,,,675707,,,,,,,,,,null,,,,,,,,,,null,,,,,,,,,,,,,,,,,,,,,,,,,,,,,,,,,,,,,,,,,,,,,,,,,,0,,,,,,,,null,,,,,,,,,,,,,,,,,,,,,,,,,,,
SnpMapRef,IColumn,ODI,,,,null,,,,,,,,,null,,,,,,,null,IDataStore,null,null,null,null,,e7b08aef-3146-4e46-b482-1abd14ff00ca,,,,,,,,,,,,,,9418,,,,,,,,,,,,,,1828815,,,,,,,,,33424,,,,,,,,,,,180828,,,,,,,null,,,,,,,,,null,,,,,null,,,,,,,,,,,,,,,,,null,null,,,,,,,,,null,,,,,,,,,,,,,,,,,,Pmt_Meth_Type_Cd,null,null,,1,,,,76e332bd-0772-4007-b269-53e01d97f9c3,,,,,,,,null,,,,,,,,,,,,,,,,,,
SnpMapAttr,,,null,null,P,null,,,,,,,null,null,null,,,,,null,,,,,,null,null,,7984d970-dcd7-4bfb-8970-b5975dbd8b29,AUTO,,,,,1828825,,,,,,,,,,,,1403547,,,,,,,,,,1828815,,,,,,404955,,,,,,null,,,,,,,,,,,,,,,,,,,,,,,,null,,,,null,null,,,,1,,,,,0,,,,,,,,null,null,null,,,,,,,,pmt_meth_type_cd,,,,,,,,,,null,,,,,,null,,,,,,,,,,,,,,,,,,,,null,,1,null,,,,,,,,,,,,,
SnpMapExprRef,,,,,,,,,,,,,,,,,,,,,,,,,,,,,8b112c9f-061d-4ee8-8423-cea77b3209f2,,,,,,,,,,,,,,,,,,,,,,,,,977489,,,,,,,,,,982207,,,,,,,,,,,,,,1403547,null,null,,,,,,,404958,,,,,,,,,,,,,,,,,,,,,,,0,,,,,,,,,,,,,,,,,,,,,,,,,,,,,,,,,,,,,,,,,,R0,,,,,pmt_meth_type.pmt_meth_type_cd,,,,,,,,,,,,,,,,,,,,
SnpMapRef,IColumn,ODI,,,,null,,,,,,,,,null,,,,,,,null,IDataStore,null,null,null,null,,85ea0615-1c9a-47ed-b86b-71b48cfca05d,,,,,,,,,,,,,,9418,,,,,,,,,,,,,,1828821,,,,,,,,,33424,,,,,,,,,,,180830,,,,,,,null,,,,,,,,,null,,,,,null,,,,,,,,,,,,,,,,,null,null,,,,,,,,,null,,,,,,,,,,,,,,,,,,Pmt_Meth_Type_Desc,null,null,,1,,,,c5f882e6-89c1-4da7-af41-396945c12cfc,,,,,,,,null,,,,,,,,,,,,,,,,,,
SnpMapAttr,,,null,null,P,null,,,,,,,null,null,null,,,,,null,,,,,,null,null,,3cc32c59-8124-4e4a-ae5f-b44af45ff3c1,AUTO,,,,,1828819,,,,,,,,,,,,1403549,,,,,,,,,,1828821,,,,,,404955,,,,,,null,,,,,,,,,,,,,,,,,,,,,,,,null,,,,null,null,,,,1,,,,,0,,,,,,,,null,null,250,,,,,,,,Pmt_Meth_Type_Desc,,,,,,,,,,null,,,,,,null,,,,,,,,,,,,,,,,,,,,0,,3,null,,,,,,,,,,,,,
SnpMapRef,IDataType,ODI,,,,null,,,,,,,,,null,,,,,,,null,null,null,null,null,null,,2906a6b8-ff22-496d-b3f0-0efa303d0003,,,,,,,,,,,,,,null,,,,,,,,,,,,,,1828819,,,,,,,,,33424,,,,,,,,,,,678,,,,,,,null,,,,,,,,,null,,,,,null,,,,,,,,,,,,,,,,,null,null,,,,,,,,,null,,,,,,,,,,,,,,,,,,TERADATA.VARCHAR,null,null,,1,,,,ce91f01b-1028-3055-a164-aebdcf008277,,,,,,,,null,,,,,,,,,,,,,,,,,,
SnpMapConn,,,,,,null,,,,,,,,null,null,,,,,,,,,,,,,,6e2ac5ff-c15e-43ee-8dda-61a1bad764e0,,,,,,,,,404956,,,,,,,,,,,,142060,,,,,,,,,,,,,,,,33424,,,,,,,,,,,,,,,,,,,,,,,404955,,,,,,,,,,,,,,,,0,,,,,,,,,,,,,,,,,,,,PMT_METH_TYPE.OUTPUT1_TO_FILTER.INPUT1,,,,,,,,,,,,,,,,,,,,,,,,,,,,,,,,,,,,,,,,,,,,,,,,,,,,
SnpMapRef,IColumn,ODI,,,,null,,,,,,,,,null,,,,,,,null,IDataStore,null,null,null,null,,e67f2ca1-8f73-439d-a2ce-466a7b0bae11,,,,,,,,,,,,,,8583,,,,,,,,,,,,,,1828828,,,,,,,,,33424,,,,,,,,,,,169330,,,,,,,null,,,,,,,,,null,,,,,null,,,,,,,,,,,,,,,,,null,null,,,,,,,,,null,,,,,,,,,,,,,,,,,,pmt_meth_type_uid,null,null,,1,,,,524bb737-98d4-4be5-991c-c0aee37e3f62,,,,,,,,null,,,,,,,,,,,,,,,,,,
SnpMapAttr,,,null,null,P,null,,,,,,,null,null,null,,,,,null,,,,,,null,null,,c4de2627-6ebb-4572-80ad-d5aaf178efba,AUTO,,,,,1828825,,,,,,,,,,,,1403555,,,,,,,,,,1828828,,,,,,404959,,,,,,null,,,,,,,,,,,,,,,,,,,,,,,,null,,,,null,null,,,,1,,,,,0,,,,,,,,null,null,null,,,,,,,,pmt_meth_type_uid,,,,,,,,,,null,,,,,,null,,,,,,,,,,,,,,,,,,,,null,,1,null,,,,,,,,,,,,,
SnpMapExpr,,,,,,,,,,,,,,,,,,N,,,,,,,,null,null,,a7403f42-922d-4320-a255-704a035782b7,,null,,,,,,null,,,null,,,,,,,,,,,404958,,982215,,,,,,,,1403555,,,,null,,,,,,,,,,,,,,,,,,,,,,,,,,,,null,,,,,null,null,,,,,,,1,,,,,,,,,null,null,,,,,,,,,,,,,,,,null,FARM_FINGERPRINT(@{R0}),,,,,,,,null,,,,,,,,,,,,,,,,,,,,,,,,,,,null,602761944,0,FARM_FINGERPRINT(pmt_meth_type.pmt_meth_type_cd),,,,,null,
SnpMapExprRef,,,,,,,,,,,,,,,,,,,,,,,,,,,,,0063c8d5-0035-4eaf-89b2-9e09b508d259,,,,,,,,,,,,,,,,,,,,,,,,,977495,,,,,,,,,,982215,,,,,,,,,,,,,,1403547,null,null,,,,,,,404958,,,,,,,,,,,,,,,,,,,,,,,0,,,,,,,,,,,,,,,,,,,,,,,,,,,,,,,,,,,,,,,,,,R0,,,,,pmt_meth_type.pmt_meth_type_cd,,,,,,,,,,,,,,,,,,,,
SnpMapExprRef,,,,,,,,,,,,,,,,,,,,,,,,,,,,,c4b364fe-f922-432f-9cea-f020f55551d2,,,,,,,,,,,,,,,,,,,,,,,,,977493,,,,,,,,,,982212,,,,,,,,,,,,,,1403547,null,null,,,,,,,404956,,,,,,,,,,,,,,,,,,,,,,,0,,,,,,,,,,,,,,,,,,,,,,,,,,,,,,,,,,,,,,,,,,R1,,,,,pmt_meth_type.pmt_meth_type_cd,,,,,,,,,,,,,,,,,,,,
SnpMapRef,IKnowledgeModule,ODI,,,,null,,,,,,,,,null,,,,,,,null,null,null,null,null,null,,1c9df1d7-08ce-4c89-b682-0c6f05e5339a,,,,,,,,,,,,,,null,,,,,,,,,,,,,,1828833,,,,,,,,,33424,,,,,,,,,,,7,,,,,,,null,,,,,,,,,null,,,,,null,,,,,,,,,,,,,,,,,null,null,,,,,,,,,null,,,,,,,,,,,,,,,,,,XKM SQL Extract,null,null,,1,,,,423bbc73-54a3-4f85-9553-62ac65a2174b,,,,,,,,null,,,,,,,,,,,,,,,,,,
SnpMapRef,IKnowledgeModule,ODI,,,,null,,,,,,,,,null,,,,,,,null,null,null,null,null,null,,a5095e0f-a25c-4fec-b6f3-e7de216303cc,,,,,,,,,,,,,,null,,,,,,,,,,,,,,1828832,,,,,,,,,33424,,,,,,,,,,,15,,,,,,,null,,,,,,,,,null,,,,,null,,,,,,,,,,,,,,,,,null,null,,,,,,,,,null,,,,,,,,,,,,,,,,,,XKM SQL Filter,null,null,,1,,,,d16dfe47-8e6e-4b3c-a286-c8724b301418,,,,,,,,null,,,,,,,,,,,,,,,,,,
SnpMapCp,,,,,,null,M,,null,,1,null,,null,null,O,,,,,,,,,,,,,2728cbab-cdb7-447d-8bc5-475f38718292,,,,,,,,,,,,,,,,,,,,,,404957,4,,,,,null,,,,,191369,,,,,,,,null,,,,,,,,,,,,,,,,,,,,,,,,,,,,,,,,,,,,,,,,,,,,,,,,,,,,,,,OUTPUT1,,,,,,,,,,,,,,,,,,,,,,,,,,,,,,,,,,,,,,,,,,,,,,,,,,,,
SnpPhyNode,,,,,,null,,,,,,,,null,null,,,,,,,,,,,,,,bb56baf0-dc96-4b16-bf88-a52bec2a334d,,,null,null,,,,,,,,33428,,,,,,,191369,,,404957,,,,,,null,null,,33413,,,,,,,,,,,175591,,175592,,,,,,,,null,,,,,,,1828832,,,null,,,0,0,,,,,,,,0,,,,,,,,,,,,,,,,,,,,,,FILTER,B,,,,,,,,,,,,,,,,,,,,null,,null,null,,,,,,,,,,,,,,,,null,,,,,,,,,,,,
SnpPhyNode,,,,,,null,,,,,,,,null,null,,,,,,,,,,,,,,04ee814f-9336-4226-bcba-54c9f45edf4f,,,null,null,,,,,,,,33428,,,,,,,191368,,,404955,,,,,,null,null,,33413,,,,,,,,,,,175592,,175593,,,,,,,,null,,,,,,,1828833,,,null,,,0,0,,,,,,,,0,,,,,,,,,,,,,,,,,,,,,,PMT_METH_TYPE,B,,,,,,,,,,,,,,,,,,,,null,,null,null,,,,,,,,,,,,,,,,null,,,,,,,,,,,,
SnpMapCp,,,,,,null,M,,null,,1,null,,null,null,I,,,,,,,,,,,,,1561c033-4e38-4735-8260-9e798925669d,,,,,,,,,,,,,,,,,,,,,,404954,1,,,,,null,,,,,191368,,,,,,,,null,,,,,,,,,,,,,,,,,,,,,,,,,,,,,,,,,,,,,,,,,,,,,,,,,,,,,,,INPUT1,,,,,,,,,,,,,,,,,,,,,,,,,,,,,,,,,,,,,,,,,,,,,,,,,,,,
SnpPhyExpr,,,,,,,,,,,,,,,,,,,,,,,,,,,,,38b3648b-ea5a-4ca7-b77e-a4a710322c3e,,,null,,,,,,,,,,,,,null,,,,,,,,982215,,,,,,,,,,,,,,175591,,,,,675706,,,,,,,,,,null,,,,,,,,,,null,,,,,,,,,,,,,,,,,,,,,,,,,,,,,,,,,,,,,,,,,,,,,,,,,,0,,,,,,,,null,,,,,,,,,,,,,,,,,,,,,,,,,,,
SnpMapConn,,,,,,null,,,,,,,,null,null,,,,,,,,,,,,,,f767b30a-68f1-4886-b079-b95c03200858,,,,,,,,,404958,,,,,,,,,,,,142061,,,,,,,,,,,,,,,,33424,,,,,,,,,,,,,,,,,,,,,,,404957,,,,,,,,,,,,,,,,0,,,,,,,,,,,,,,,,,,,,FILTER.OUTPUT1_TO_D_PMT_METH_TYPE.INPUT1,,,,,,,,,,,,,,,,,,,,,,,,,,,,,,,,,,,,,,,,,,,,,,,,,,,,
SnpMapRef,IKnowledgeModule,ODI,,,,null,,,,,,,,,null,,,,,,,null,null,null,null,null,null,,21fcd441-5846-485a-98db-73676c79233f,,,,,,,,,,,,,,null,,,,,,,,,,,,,,1828831,,,,,,,,,33424,,,,,,,,,,,9,,,,,,,null,,,,,,,,,null,,,,,null,,,,,,,,,,,,,,,,,null,null,,,,,,,,,null,,,,,,,,,,,,,,,,,,IKM SQL Insert,null,null,,1,,,,f5a07b3d-e76f-425e-a851-59ebaaaf582e,,,,,,,,null,,,,,,,,,,,,,,,,,,
SnpMapRef,IKnowledgeModule,ODI,,,,null,,,,,,,,,null,,,,,,,null,null,null,null,null,null,,41dc2dd7-8fc9-4ec2-b1a5-9dd8bc3a9590,,,,,,,,,,,,,,null,,,,,,,,,,,,,,1828835,,,,,,,,,33424,,,,,,,,,,,2,,,,,,,null,,,,,,,,,null,,,,,null,,,,,,,,,,,,,,,,,null,null,,,,,,,,,null,,,,,,,,,,,,,,,,,,EKM SQL Multi-Connect,null,null,,1,,,,5a6ce45e-4b2f-4a0a-b5e5-711321c09815,,,,,,,,null,,,,,,,,,,,,,,,,,,
SnpMapRef,ILogicalSchema,ODI,,,,null,,,,,,,,,null,,,,,,,null,null,null,null,null,null,,0326ed7a-d05c-454a-8047-a180b84596a2,,,,,,,,,,,,,,null,,,,,,,,,,,,,,1828829,,,,,,,,,33424,,,,,,,,,,,154,,,,,,,null,,,,,,,,,null,,,,,null,,,,,,,,,,,,,,,,,null,null,,,,,,,,,null,,,,,,,,,,,,,,,,,,Copy of BQ_EDW_SEM,null,null,,1,,,,27b36735-260e-42b5-9d5a-cfbcc950d397,,,,,,,,null,,,,,,,,,,,,,,,,,,
SnpMapRef,IKnowledgeModule,ODI,,,,null,,,,,,,,,null,,,,,,,null,null,null,null,null,null,,f08f6293-d0b4-45f8-897c-c84f21e1ccb9,,,,,,,,,,,,,,null,,,,,,,,,,,,,,1828834,,,,,,,,,33424,,,,,,,,,,,1,,,,,,,null,,,,,,,,,null,,,,,null,,,,,,,,,,,,,,,,,null,null,,,,,,,,,null,,,,,,,,,,,,,,,,,,EKM SQL Mono-Connect,null,null,,1,,,,f837d6fe-7c4c-4a11-add2-1aa0d854eb2b,,,,,,,,null,,,,,,,,,,,,,,,,,,
SnpMapRef,IDataType,ODI,,,,null,,,,,,,,,null,,,,,,,null,null,null,null,null,null,,f90a7b73-53cf-4a62-ac7d-ef90eb5c7b3f,,,,,,,,,,,,,,null,,,,,,,,,,,,,,1828826,,,,,,,,,33424,,,,,,,,,,,1118,,,,,,,null,,,,,,,,,null,,,,,null,,,,,,,,,,,,,,,,,null,null,,,,,,,,,null,,,,,,,,,,,,,,,,,,SIMBA_BIQQUERY_TEST.TIMESTAMP,null,null,,1,,,,f829e20f-33c0-4ae3-acf3-995a078baf24,,,,,,,,null,,,,,,,,,,,,,,,,,,
SnpMapRef,IDataType,ODI,,,,null,,,,,,,,,null,,,,,,,null,null,null,null,null,null,,cf83dcae-361c-4c47-b184-20c9968d027b,,,,,,,,,,,,,,null,,,,,,,,,,,,,,1828825,,,,,,,,,33424,,,,,,,,,,,1183,,,,,,,null,,,,,,,,,null,,,,,null,,,,,,,,,,,,,,,,,null,null,,,,,,,,,null,,,,,,,,,,,,,,,,,,SIMBA_BIQQUERY_TEST.STRING,null,null,,7,,,,d4e7c7d3-b452-4796-85cf-9e0cc8e28598,,,,,,,,null,,,,,,,,,,,,,,,,,,
SnpMapRef,ILogicalSchema,ODI,,,,null,,,,,,,,,null,,,,,,,null,null,null,null,null,null,,5118d96e-c870-4699-9018-31fb5f5d7c33,,,,,,,,,,,,,,null,,,,,,,,,,,,,,1828830,,,,,,,,,33424,,,,,,,,,,,155,,,,,,,null,,,,,,,,,null,,,,,null,,,,,,,,,,,,,,,,,null,null,,,,,,,,,null,,,,,,,,,,,,,,,,,,Copy of BQ_EDW_VODACOM,null,null,,1,,,,f2356325-330c-4af2-8ff5-96f5ccbb005d,,,,,,,,null,,,,,,,,,,,,,,,,,,
SnpMapProp,,,,,,null,,,,,,,,null,null,,null,,,,,,,,,,,,5dd3d242-edd0-4218-83a4-d8acde273c26,,,,,,,null,,,,,null,,,,,,null,null,,,null,,,,2375573,null,,,null,,,,,,,33424,,,,,,,175591,,239,null,,,,,,,,,,,,,,,,,,,,,,,,,,,,,1,,,,,,,,,,,,,,,,,,,,IS_DEFAULT_TARGET_KM,,,,,,,,,,,null,null,-1,B,false,,,,,,,,,,,,,,,,,,,,,,,,,,,,,,,,,,,,,
SnpMapProp,,,,,,null,,,,,,,,null,null,,null,,,,,,,,,,,,9e2c41a9-9b8a-4473-ada1-4c6bef074109,,,,,,,null,,,,,null,,,,,,null,null,,,null,,,,2375572,null,,,null,,,,,,,33424,,,,,,,175591,,null,null,,,,,,,,,,,,,,,,,,,,,,,,,,,,,1,,,,,,,,,,,,,,,,,,,,KM_PROCEDURE_OPTIONS,,,,,,,,,,,null,null,-1,S,null,,,,,,,,,,,,,,,,,,,,,,,,,,,,,,,,,,,,,
SnpMapProp,,,,,,null,,,,,,,,null,null,,null,,,,,,,,,,,,8bd039b5-c968-45b2-be53-9be88f353710,,,,,,,null,,,,,33428,,,,,,null,null,,,null,,,,2375571,null,,,null,,,,,,,33424,,,,,,,null,,226,null,,,,,,,,,,,,,,,,,,,,,,,,,,,,,1,,,,,,,,,,,,,,,,,,,,IS_DEFAULT_EKM,,,,,,,,,,,null,null,-1,B,false,,,,,,,,,,,,,,,,,,,,,,,,,,,,,,,,,,,,,
SnpMapProp,,,,,,null,,,,,,,,null,null,,null,,,,,,,,,,,,b4ff8777-8e6f-47ec-a9c7-0558b7198786,,,,,,,null,,,,,33428,,,,,,null,null,,,null,,,,2375570,null,,,null,,,,,,,33424,,,,,,,null,,null,null,,,,,,,,,,,,,,,,,,,,,,,,,,,,,1,,,,,,,,,,,,,,,,,,,,KM_PROCEDURE_OPTIONS,,,,,,,,,,,null,null,-1,S,null,,,,,,,,,,,,,,,,,,,,,,,,,,,,,,,,,,,,,
SnpMapProp,,,,,,null,,,,,,,,null,null,,null,,,,,,,,,,,,566e9348-b599-4029-aed1-f5ea8aa2f48d,,,,,,,33413,,,,,null,,,,,,null,null,,,null,,,,2375569,null,,,null,,,,,,,33424,,,,,,,null,,214,null,,,,,,,,,,,,,,,,,,,,,,,,,,,,,0,,,,,,,,,,,,,,,,,,,,BEGIN_MAPPING_CMD,,,,,,,,,,,null,null,-1,E,null,,,,,,,,,,,,,,,,,,,,,,,,,,,,,,,,,,,,,
SnpMapExpr,,,,,,,,,,,,,,,,,,N,,,,,,,,null,null,,6b99cdab-6374-4eb7-a429-b39eb25059db,,null,,,,,,null,,,null,,,,,,,,,,,null,,982219,,,,,,,,null,,,,2375569,,,,,,,,,,,,,,,,,,,,,,,,,,,,null,,,,,null,null,,,,,,,0,,,,,,,,,null,null,,,,,,,,,,,,,,,,null,null,,,,,,,,null,,,,,,,,,,,,,,,,,,,,,,,,,,,null,0,0,null,,,,,null,
SnpMapProp,,,,,,null,,,,,,,,null,null,,null,,,,,,,,,,,,d0982984-9a7b-4c08-a717-4b182c3ecf13,,,,,,,33413,,,,,null,,,,,,null,null,,,null,,,,2375568,null,,,null,,,,,,,33424,,,,,,,null,,217,null,,,,,,,,,,,,,,,,,,,,,,,,,,,,,0,,,,,,,,,,,,,,,,,,,,END_MAPPING_CMD,,,,,,,,,,,null,null,-1,E,null,,,,,,,,,,,,,,,,,,,,,,,,,,,,,,,,,,,,,
SnpMapExpr,,,,,,,,,,,,,,,,,,N,,,,,,,,null,null,,f26866a7-d3ae-4c9b-8181-bc8e3eb6149f,,null,,,,,,null,,,null,,,,,,,,,,,null,,982218,,,,,,,,null,,,,2375568,,,,,,,,,,,,,,,,,,,,,,,,,,,,null,,,,,null,null,,,,,,,0,,,,,,,,,null,null,,,,,,,,,,,,,,,,null,null,,,,,,,,null,,,,,,,,,,,,,,,,,,,,,,,,,,,null,0,0,null,,,,,null,
SnpMapProp,,,,,,null,,,,,,,,null,null,,null,,,,,,,,,,,,39250e7f-b035-49d3-a570-d2e177599cfa,,,,,,,null,,,,,null,,,,,,null,191370,,,null,,,,2375567,null,,,null,,,,,,,33424,,,,,,,null,,8,1828836,,,,,,,,,,,,,,,,,,,,,,,,,,,,,0,,,,,,,,,,,,,,,,,,,,COMPONENT_CONTEXT,,,,,,,,,,,null,null,-1,R,null,,,,,,,,,,,,,,,,,,,,,,,,,,,,,,,,,,,,,
SnpMapProp,,,,,,null,,,,,,,,null,null,,null,,,,,,,,,,,,6c19ace0-0c78-4cad-b614-b9e9ca1c3801,,,,,,,null,,,,,null,,,,,,null,191368,,,null,,,,2375566,null,,,null,,,,,,,33424,,,,,,,null,,8,1828836,,,,,,,,,,,,,,,,,,,,,,,,,,,,,0,,,,,,,,,,,,,,,,,,,,COMPONENT_CONTEXT,,,,,,,,,,,null,null,-1,R,null,,,,,,,,,,,,,,,,,,,,,,,,,,,,,,,,,,,,,
SnpMapProp,,,,,,null,,,,,,,,null,null,,null,,,,,,,,,,,,b27f5a84-d4a5-42ed-a29c-d8b0f3497aea,,,,,,,null,,,,,null,,,,,,1403555,null,,,null,,,,2375565,null,,,null,,,,,,,33424,,,,,,,null,,19,null,,,,,,,,,,,,,,,,,,,,,,,,,,,,,0,,,,,,,,,,,,,,,,,,,,CHECK_NOT_NULL_INDICATOR,,,,,,,,,,,null,null,-1,B,false,,,,,,,,,,,,,,,,,,,,,,,,,,,,,,,,,,,,,
SnpMapProp,,,,,,null,,,,,,,,null,null,,null,,,,,,,,,,,,a7654cb4-7f70-4305-9c18-f88c9021033e,,,,,,,null,,,,,null,,,,,,1403554,null,,,null,,,,2375564,null,,,null,,,,,,,33424,,,,,,,null,,19,null,,,,,,,,,,,,,,,,,,,,,,,,,,,,,1,,,,,,,,,,,,,,,,,,,,CHECK_NOT_NULL_INDICATOR,,,,,,,,,,,null,null,-1,B,null,,,,,,,,,,,,,,,,,,,,,,,,,,,,,,,,,,,,,
SnpMapProp,,,,,,null,,,,,,,,null,null,,null,,,,,,,,,,,,5b0494f0-5e14-4777-beb2-7ac0005c8b8a,,,,,,,null,,,,,null,,,,,,1403553,null,,,null,,,,2375563,null,,,null,,,,,,,33424,,,,,,,null,,19,null,,,,,,,,,,,,,,,,,,,,,,,,,,,,,0,,,,,,,,,,,,,,,,,,,,CHECK_NOT_NULL_INDICATOR,,,,,,,,,,,null,null,-1,B,false,,,,,,,,,,,,,,,,,,,,,,,,,,,,,,,,,,,,,
SnpMapProp,,,,,,null,,,,,,,,null,null,,null,,,,,,,,,,,,fc2be697-5d45-4819-9c8c-246764296f5f,,,,,,,null,,,,,null,,,,,,1403552,null,,,null,,,,2375562,null,,,null,,,,,,,33424,,,,,,,null,,19,null,,,,,,,,,,,,,,,,,,,,,,,,,,,,,0,,,,,,,,,,,,,,,,,,,,CHECK_NOT_NULL_INDICATOR,,,,,,,,,,,null,null,-1,B,false,,,,,,,,,,,,,,,,,,,,,,,,,,,,,,,,,,,,,
SnpMapProp,,,,,,null,,,,,,,,null,null,,null,,,,,,,,,,,,49ac0e12-d43e-48e7-ad25-86288b395e1e,,,,,,,null,,,,,null,,,,,,1403551,null,,,null,,,,2375561,null,,,null,,,,,,,33424,,,,,,,null,,19,null,,,,,,,,,,,,,,,,,,,,,,,,,,,,,0,,,,,,,,,,,,,,,,,,,,CHECK_NOT_NULL_INDICATOR,,,,,,,,,,,null,null,-1,B,true,,,,,,,,,,,,,,,,,,,,,,,,,,,,,,,,,,,,,
SnpMapProp,,,,,,null,,,,,,,,null,null,,null,,,,,,,,,,,,46d30efc-770a-4e07-bdac-f3b453e4beaa,,,,,,,null,,,,,null,,,,,,1403550,null,,,null,,,,2375559,null,,,null,,,,,,,33424,,,,,,,null,,19,null,,,,,,,,,,,,,,,,,,,,,,,,,,,,,1,,,,,,,,,,,,,,,,,,,,CHECK_NOT_NULL_INDICATOR,,,,,,,,,,,null,null,-1,B,null,,,,,,,,,,,,,,,,,,,,,,,,,,,,,,,,,,,,,
SnpMapProp,,,,,,null,,,,,,,,null,null,,null,,,,,,,,,,,,52e84a2d-cfde-4413-b9f7-1f6d950a9985,,,,,,,null,,,,,null,,,,,,1403549,null,,,null,,,,2375558,null,,,null,,,,,,,33424,,,,,,,null,,19,null,,,,,,,,,,,,,,,,,,,,,,,,,,,,,1,,,,,,,,,,,,,,,,,,,,CHECK_NOT_NULL_INDICATOR,,,,,,,,,,,null,null,-1,B,null,,,,,,,,,,,,,,,,,,,,,,,,,,,,,,,,,,,,,
SnpMapProp,,,,,,null,,,,,,,,null,null,,null,,,,,,,,,,,,eb486ba3-ddf0-4d62-9327-a9e8d08143a8,,,,,,,null,,,,,null,,,,,,1403548,null,,,null,,,,2375557,null,,,null,,,,,,,33424,,,,,,,null,,19,null,,,,,,,,,,,,,,,,,,,,,,,,,,,,,1,,,,,,,,,,,,,,,,,,,,CHECK_NOT_NULL_INDICATOR,,,,,,,,,,,null,null,-1,B,null,,,,,,,,,,,,,,,,,,,,,,,,,,,,,,,,,,,,,
SnpMapProp,,,,,,null,,,,,,,,null,null,,null,,,,,,,,,,,,7d17381e-4c12-4c3e-b5d4-fa7a1f4f8cc8,,,,,,,null,,,,,null,,,,,,1403547,null,,,null,,,,2375556,null,,,null,,,,,,,33424,,,,,,,null,,19,null,,,,,,,,,,,,,,,,,,,,,,,,,,,,,1,,,,,,,,,,,,,,,,,,,,CHECK_NOT_NULL_INDICATOR,,,,,,,,,,,null,null,-1,B,null,,,,,,,,,,,,,,,,,,,,,,,,,,,,,,,,,,,,,
SnpMapProp,,,,,,null,,,,,,,,null,null,,null,,,,,,,,,,,,429c74d6-6b8e-40c3-96df-0ec9c46488bd,,,,,,,null,,,,,null,,,,,,null,null,,,null,,,,2375555,null,,,33424,,,,,,,33424,,,,,,,null,,191,null,,,,,,,,,,,,,,,,,,,,,,,,,,,,,1,,,,,,,,,,,,,,,,,,,,XMLDiagramSettings,,,,,,,,,,,null,null,-1,S,null,,,,,,,,,,,,,,,,,,,,,,,,,,,,,,,,,,,,,
SnpMapExpr,,,,,,,,,,,,,,,,,,N,,,,,,,,null,null,,a7e0d39c-86dd-4c17-bf54-649eaca1dc4a,,null,,,,,,null,,,null,,,,,,,,,,,null,,982220,,,,,,,,null,,,,2375555,,,,,,,,,,,,,,,,,,,,,,,,,,,,null,,,,,null,null,,,,,,,0,,,,,,,,,null,null,,,,,,,,,,,,,,,,null,null,,,,,,,,null,,,,,,,,,,,,,,,,,,,,,,,,,,,null,0,1,"<?xml version='1.0' encoding='UTF-8' standalone='yes'?>
<xmi:XMI xmlns:xmi='http://www.omg.org/spec/XMI/20131001' xmlns:DI='http://xmlns.omg.org/DI/2.0'>
  <documentation exporter='Oracle IDE' exporterVersion='12.2.1'/>
  <DI:Diagram xmi:type='DI:Diagram' xmi:id='id644e4c12-9fd0-4e71-8945-0e69afc3677a' zoom='0.0'>
    <contained xmi:type='DI:GraphNode' xmi:id='idec7d3266-92fa-4cee-9948-f55849e6a8de'>
      <contained xmi:type='DI:GraphNode' xmi:id='id2f328704-9ebd-4cbc-a429-b7319fd74408'>
        <semanticModel xmi:type='DI:SimpleSemanticModelBridge' typeInfo='COMPACT'/>
        <size xmi:type='DI:Dimension' height='100.0' width='100.0'/>
      </contained>
      <contained xmi:type='DI:GraphNode' xmi:id='id8ede017a-21bb-415f-b80d-d18991b2bf29'>
        <semanticModel xmi:type='DI:SimpleSemanticModelBridge' typeInfo='SYMBOLIC'/>
        <size xmi:type='DI:Dimension' height='119.47607421875' width='229.0'/>
      </contained>
      <contained xmi:type='DI:GraphNode' xmi:id='id375ef552-1d0c-49e6-8714-480ce57ed501'>
        <anchorage xmi:type='DI:GraphConnector' xmi:id='idb1826177-249b-4bc5-9cbd-7e681ca7799a' graphEdge='id03105e86-9135-4b1a-8202-0b06f197f507'/>
        <semanticModel xmi:type='DI:SimpleSemanticModelBridge' typeInfo='Port-East'/>
      </contained>
      <position xmi:type='DI:Point' x='116.0' y='226.0'/>
      <property xmi:type='DI:Property' key='lineColor' value='#a5a5a5'/>
      <property xmi:type='DI:Property' key='font' value='SansSerif,plain,11'/>
      <property xmi:type='DI:Property' key='showAttributeStatic' value='true'/>
      <property xmi:type='DI:Property' key='fillColor' value='#c6d6ff'/>
      <property xmi:type='DI:Property' key='showAttributes' value='true'/>
      <property xmi:type='DI:Property' key='fontColor' value='#0'/>
      <property xmi:type='DI:Property' key='showPackage' value='false'/>
      <property xmi:type='DI:Property' key='showAttributeType' value='true'/>
      <property xmi:type='DI:Property' key='showStereotype' value='false'/>
      <property xmi:type='DI:Property' key='sortAttributesAlpha' value='true'/>
      <property xmi:type='DI:Property' key='showAttributeVisibility' value='true'/>
      <semanticModel xmi:type='DI:CoreSemanticModelBridge' element='LogicalInterfaceComponent:DATASTORE:LogicalAttributeDisplayerNode:99bc84dc-169d-4554-9cf4-caf92c9330f6' presentation='SYMBOLIC'/>
      <size xmi:type='DI:Dimension' height='119.47607421875' width='229.0'/>
    </contained>
    <contained xmi:type='DI:GraphNode' xmi:id='id23be2a2e-ad77-44f5-829c-5ea5fb2ef626'>
      <contained xmi:type='DI:GraphNode' xmi:id='ida4fb1bd6-3b2c-4768-903e-2dcdb87ec7fb'>
        <anchorage xmi:type='DI:GraphConnector' xmi:id='id690da26b-b352-49de-9f8c-65e129a62385' graphEdge='id8affc263-029a-4de9-92d4-530f78760d0d'/>
        <semanticModel xmi:type='DI:SimpleSemanticModelBridge' typeInfo='Port-East'/>
      </contained>
      <contained xmi:type='DI:GraphNode' xmi:id='id718fbe58-cad5-4ff1-8ef9-f21350f46566'>
        <anchorage xmi:type='DI:GraphConnector' xmi:id='iddc7139ec-c3a4-41c9-b4c1-82cfeb4f49db' graphEdge='id03105e86-9135-4b1a-8202-0b06f197f507'/>
        <semanticModel xmi:type='DI:SimpleSemanticModelBridge' typeInfo='Port-West'/>
      </contained>
      <position xmi:type='DI:Point' x='420.0' y='270.0'/>
      <property xmi:type='DI:Property' key='showStereotype' value='false'/>
      <property xmi:type='DI:Property' key='showPackage' value='false'/>
      <property xmi:type='DI:Property' key='isStacked' value='false'/>
      <property xmi:type='DI:Property' key='lineColor' value='#a5a5a5'/>
      <semanticModel xmi:type='DI:CoreSemanticModelBridge' element='LogicalInterfaceComponent:FILTER:LogicalIconicNode:940cecf1-a48c-49eb-ac52-dbc0c38e6d7c'/>
      <size xmi:type='DI:Dimension' height='50.0' width='50.0'/>
    </contained>
    <contained xmi:type='DI:GraphNode' xmi:id='idefc4c675-5244-401f-bf5f-4f0934aafc75'>
      <contained xmi:type='DI:GraphNode' xmi:id='id53788bca-9b6a-42ce-95fa-9367afef187b'>
        <semanticModel xmi:type='DI:SimpleSemanticModelBridge' typeInfo='COMPACT'/>
        <size xmi:type='DI:Dimension' height='100.0' width='100.0'/>
      </contained>
      <contained xmi:type='DI:GraphNode' xmi:id='id0bb9dca1-95a4-4797-ad97-f459eaf04704'>
        <semanticModel xmi:type='DI:SimpleSemanticModelBridge' typeInfo='SYMBOLIC'/>
        <size xmi:type='DI:Dimension' height='119.47607421875' width='200.0'/>
      </contained>
      <contained xmi:type='DI:GraphNode' xmi:id='ide3c204f2-e41f-4ab5-878f-aceca251b719'>
        <anchorage xmi:type='DI:GraphConnector' xmi:id='idcba617c1-994f-4c9d-b9d7-64043676ecfb' graphEdge='id8affc263-029a-4de9-92d4-530f78760d0d'/>
        <semanticModel xmi:type='DI:SimpleSemanticModelBridge' typeInfo='Port-West'/>
      </contained>
      <position xmi:type='DI:Point' x='585.0' y='240.0'/>
      <property xmi:type='DI:Property' key='lineColor' value='#a5a5a5'/>
      <property xmi:type='DI:Property' key='font' value='SansSerif,plain,11'/>
      <property xmi:type='DI:Property' key='showAttributeStatic' value='true'/>
      <property xmi:type='DI:Property' key='fillColor' value='#c6d6ff'/>
      <property xmi:type='DI:Property' key='showAttributes' value='true'/>
      <property xmi:type='DI:Property' key='fontColor' value='#0'/>
      <property xmi:type='DI:Property' key='showPackage' value='false'/>
      <property xmi:type='DI:Property' key='showAttributeType' value='true'/>
      <property xmi:type='DI:Property' key='showStereotype' value='false'/>
      <property xmi:type='DI:Property' key='sortAttributesAlpha' value='true'/>
      <property xmi:type='DI:Property' key='showAttributeVisibility' value='true'/>
      <semanticModel xmi:type='DI:CoreSemanticModelBridge' element='LogicalInterfaceComponent:DATASTORE:LogicalAttributeDisplayerNode:744c06a7-5a31-491b-a570-31de406f7064' presentation='SYMBOLIC'/>
      <size xmi:type='DI:Dimension' height='119.47607421875' width='200.0'/>
    </contained>
    <contained xmi:type='DI:GraphEdge' xmi:id='id03105e86-9135-4b1a-8202-0b06f197f507' anchor='idb1826177-249b-4bc5-9cbd-7e681ca7799a iddc7139ec-c3a4-41c9-b4c1-82cfeb4f49db'>
      <semanticModel xmi:type='DI:CoreSemanticModelBridge' element='LogicalInterfaceComponent:EDGE:LogicalSimpleEdge:99bc84dc-169d-4554-9cf4-caf92c9330f6->940cecf1-a48c-49eb-ac52-dbc0c38e6d7c'/>
      <waypoint xmi:type='DI:Point' x='344.0' y='285.738037109375'/>
      <waypoint xmi:type='DI:Point' x='423.0' y='286.0'/>
    </contained>
    <contained xmi:type='DI:GraphEdge' xmi:id='id8affc263-029a-4de9-92d4-530f78760d0d' anchor='id690da26b-b352-49de-9f8c-65e129a62385 idcba617c1-994f-4c9d-b9d7-64043676ecfb'>
      <semanticModel xmi:type='DI:CoreSemanticModelBridge' element='LogicalInterfaceComponent:EDGE:LogicalSimpleEdge:940cecf1-a48c-49eb-ac52-dbc0c38e6d7c->744c06a7-5a31-491b-a570-31de406f7064'/>
      <waypoint xmi:type='DI:Point' x='467.0' y='286.0'/>
      <waypoint xmi:type='DI:Point' x='586.0' y='299.738037109375'/>
    </contained>
    <property xmi:type='DI:Property' key='alignmentRulersColor' value='#99d9ea'/>
    <property xmi:type='DI:Property' key='snapToGrid' value='true'/>
    <property xmi:type='DI:Property' key='minLayoutDistance' value='40'/>
    <property xmi:type='DI:Property' key='gridSize' value='15'/>
    <property xmi:type='DI:Property' key='EdgeCrossingType' value='0'/>
    <property xmi:type='DI:Property' key='PageOrientation' value='1'/>
    <property xmi:type='DI:Property' key='showGrid' value='false'/>
    <property xmi:type='DI:Property' key='showAlignmentRulers' value='false'/>
    <property xmi:type='DI:Property' key='maxShapeWidth' value='200'/>
    <property xmi:type='DI:Property' key='maxEntriesInShape' value='10'/>
    <property xmi:type='DI:Property' key='ContainerLayoutStyle' value='2'/>
    <property xmi:type='DI:Property' key='DiagramLayoutStyle' value='2'/>
    <property xmi:type='DI:Property' key='PaperOrientation' value='Portrait'/>
    <property xmi:type='DI:Property' key='PrintAreaX' value='0.0'/>
    <property xmi:type='DI:Property' key='PrintAreaY' value='0.0'/>
    <property xmi:type='DI:Property' key='PrintAreaWidth' value='0.0'/>
    <property xmi:type='DI:Property' key='PrintAreaHeight' value='0.0'/>
    <semanticModel xmi:type='DI:SimpleSemanticModelBridge' typeInfo='etl_xinterface_logical'/>
  </DI:Diagram>
</xmi:XMI>",,,,,null,
SnpMapProp,,,,,,null,,,,,,,,null,null,,null,,,,,,,,,,,,1bef6e64-cbe8-40e5-bdcf-b4c85d77b7cb,,,,,,,null,,,,,null,,,,,,null,null,,,null,,,,2375554,null,,,33424,,,,,,,33424,,,,,,,null,,194,null,,,,,,,,,,,,,,,,,,,,,,,,,,,,,0,,,,,,,,,,,,,,,,,,,,TARGET_LOAD_ORDER,,,,,,,,,,,null,null,-1,E,null,,,,,,,,,,,,,,,,,,,,,,,,,,,,,,,,,,,,,
SnpMapExpr,,,,,,,,,,,,,,,,,,N,,,,,,,,null,null,,8db1d4cb-fcd1-42eb-8152-5f2c25bf95df,,null,,,,,,null,,,null,,,,,,,,,,,null,,982210,,,,,,,,null,,,,2375554,,,,,,,,,,,,,,,,,,,,,,,,,,,,null,,,,,null,null,,,,,,,0,,,,,,,,,null,null,,,,,,,,,,,,,,,,null,null,,,,,,,,null,,,,,,,,,,,,,,,,,,,,,,,,,,,null,0,0,null,,,,,null,
SnpFKXRef,,,,,,,,,,,,,,,,,,,,,,,,,,,,,,,,,,,,,,,,,,,,,,,,,,,,,,,,,,,,,,,,,,,,,,,,,,,,,,,,,,,,,,,,,,,,,,,,,,,,,,,,,,,,,,,,,,,,,,,,,,,,,,,,,,,,,,,,,,,,,,,,,,,,,,,,SNP_FOLDER.4111,CW_PRJ_EDW_PILOT.Test,16.4,SNP_PROJECT.SNP_FOLDER,5bc84a14-db68-49ca-bb05-2209a4926d8d,,,,,,,,,,,,,,,,,,,,,
SnpFKXRef,,,,,,,,,,,,,,,,,,,,,,,,,,,,,,,,,,,,,,,,,,,,,,,,,,,,,,,,,,,,,,,,,,,,,,,,,,,,,,,,,,,,,,,,,,,,,,,,,,,,,,,,,,,,,,,,,,,,,,,,,,,,,,,,,,,,,,,,,,,,,,,,,,,,,,,,SNP_MAPPING.33424,CW_PRJ_EDW_PILOT.Test.Test_3,16.4.6,SNP_PROJECT.SNP_FOLDER.SNP_MAPPING,fa4adfd8-3d3b-402f-9728-c31209f76e0c,,,,,,,,,,,,,,,,,,,,,
SnpFKXRef,,,,,,,,,,,,,,,,,,,,,,,,,,,,,,,,,,,,,,,,,,,,,,,,,,,,,,,,,,,,,,,,,,,,,,,,,,,,,,,,,,,,,,,,,,,,,,,,,,,,,,,,,,,,,,,,,,,,,,,,,,,,,,,,,,,,,,,,,,,,,,,,,,,,,,,,SNP_COL.169332,Copy of EDW_SEM.Global.d_pmt_meth_type.pmt_meth_type_nm,15.6.15.16,SNP_MODEL.SNP_SUBMODEL.SNP_TABLE.SNP_COL,8f0953e2-76cd-49d4-a611-72b0368ccd71,,,,,,,,,,,,,,,,,,,,,
SnpFKXRef,,,,,,,,,,,,,,,,,,,,,,,,,,,,,,,,,,,,,,,,,,,,,,,,,,,,,,,,,,,,,,,,,,,,,,,,,,,,,,,,,,,,,,,,,,,,,,,,,,,,,,,,,,,,,,,,,,,,,,,,,,,,,,,,,,,,,,,,,,,,,,,,,,,,,,,,SNP_TABLE.8583,Copy of EDW_SEM.Global.d_pmt_meth_type,15.6.15,SNP_MODEL.SNP_SUBMODEL.SNP_TABLE,11ebabad-5212-43df-9a41-43c6a405c40f,,,,,,,,,,,,,,,,,,,,,
SnpFKXRef,,,,,,,,,,,,,,,,,,,,,,,,,,,,,,,,,,,,,,,,,,,,,,,,,,,,,,,,,,,,,,,,,,,,,,,,,,,,,,,,,,,,,,,,,,,,,,,,,,,,,,,,,,,,,,,,,,,,,,,,,,,,,,,,,,,,,,,,,,,,,,,,,,,,,,,,SNP_MAPREF.1828814,null,null,null,e658b581-62c1-41b5-a73b-1615dd746cd2,,,,,,,,,,,,,,,,,,,,,
SnpFKXRef,,,,,,,,,,,,,,,,,,,,,,,,,,,,,,,,,,,,,,,,,,,,,,,,,,,,,,,,,,,,,,,,,,,,,,,,,,,,,,,,,,,,,,,,,,,,,,,,,,,,,,,,,,,,,,,,,,,,,,,,,,,,,,,,,,,,,,,,,,,,,,,,,,,,,,,,SNP_MAPCOMPTYPE.1,DATASTORE,9,SNP_MAPCOMPTYPE,0d5a2da0-6631-4235-8da3-c3b153d2191f,,,,,,,,,,,,,,,,,,,,,
SnpFKXRef,,,,,,,,,,,,,,,,,,,,,,,,,,,,,,,,,,,,,,,,,,,,,,,,,,,,,,,,,,,,,,,,,,,,,,,,,,,,,,,,,,,,,,,,,,,,,,,,,,,,,,,,,,,,,,,,,,,,,,,,,,,,,,,,,,,,,,,,,,,,,,,,,,,,,,,,SNP_MAPCOMP.191370,CW_PRJ_EDW_PILOT.Test.Test_3.d_pmt_meth_type,16.4.6.15,SNP_PROJECT.SNP_FOLDER.SNP_MAPPING.SNP_MAPCOMP,744c06a7-5a31-491b-a570-31de406f7064,,,,,,,,,,,,,,,,,,,,,
SnpFKXRef,,,,,,,,,,,,,,,,,,,,,,,,,,,,,,,,,,,,,,,,,,,,,,,,,,,,,,,,,,,,,,,,,,,,,,,,,,,,,,,,,,,,,,,,,,,,,,,,,,,,,,,,,,,,,,,,,,,,,,,,,,,,,,,,,,,,,,,,,,,,,,,,,,,,,,,,SNP_MAPCPROLE.2,DATASTORE.OUTPUT,9.6,SNP_MAPCOMPTYPE.SNP_MAPCPROLE,ac3fd92c-54be-414b-98fb-6ccdf50b11b6,,,,,,,,,,,,,,,,,,,,,
SnpFKXRef,,,,,,,,,,,,,,,,,,,,,,,,,,,,,,,,,,,,,,,,,,,,,,,,,,,,,,,,,,,,,,,,,,,,,,,,,,,,,,,,,,,,,,,,,,,,,,,,,,,,,,,,,,,,,,,,,,,,,,,,,,,,,,,,,,,,,,,,,,,,,,,,,,,,,,,,SNP_MAPCP.404959,CW_PRJ_EDW_PILOT.Test.Test_3.d_pmt_meth_type.OUTPUT1,16.4.6.15.7,SNP_PROJECT.SNP_FOLDER.SNP_MAPPING.SNP_MAPCOMP.SNP_MAPCP,72968760-2cf5-4b7a-b905-1e843850cadb,,,,,,,,,,,,,,,,,,,,,
SnpFKXRef,,,,,,,,,,,,,,,,,,,,,,,,,,,,,,,,,,,,,,,,,,,,,,,,,,,,,,,,,,,,,,,,,,,,,,,,,,,,,,,,,,,,,,,,,,,,,,,,,,,,,,,,,,,,,,,,,,,,,,,,,,,,,,,,,,,,,,,,,,,,,,,,,,,,,,,,SNP_MAPREF.1828820,null,null,null,564063c3-7020-4b9b-be8e-0f9771e4881d,,,,,,,,,,,,,,,,,,,,,
SnpFKXRef,,,,,,,,,,,,,,,,,,,,,,,,,,,,,,,,,,,,,,,,,,,,,,,,,,,,,,,,,,,,,,,,,,,,,,,,,,,,,,,,,,,,,,,,,,,,,,,,,,,,,,,,,,,,,,,,,,,,,,,,,,,,,,,,,,,,,,,,,,,,,,,,,,,,,,,,SNP_MAPREF.1828825,null,null,null,cf83dcae-361c-4c47-b184-20c9968d027b,,,,,,,,,,,,,,,,,,,,,
SnpFKXRef,,,,,,,,,,,,,,,,,,,,,,,,,,,,,,,,,,,,,,,,,,,,,,,,,,,,,,,,,,,,,,,,,,,,,,,,,,,,,,,,,,,,,,,,,,,,,,,,,,,,,,,,,,,,,,,,,,,,,,,,,,,,,,,,,,,,,,,,,,,,,,,,,,,,,,,,SNP_MAPCPROLE.1,DATASTORE.INPUT,9.5,SNP_MAPCOMPTYPE.SNP_MAPCPROLE,afc08a78-e4fb-43bd-b602-ee46151b080e,,,,,,,,,,,,,,,,,,,,,
SnpFKXRef,,,,,,,,,,,,,,,,,,,,,,,,,,,,,,,,,,,,,,,,,,,,,,,,,,,,,,,,,,,,,,,,,,,,,,,,,,,,,,,,,,,,,,,,,,,,,,,,,,,,,,,,,,,,,,,,,,,,,,,,,,,,,,,,,,,,,,,,,,,,,,,,,,,,,,,,SNP_MAPATTR.1403552,CW_PRJ_EDW_PILOT.Test.Test_3.d_pmt_meth_type.OUTPUT1.pmt_meth_type_nm,16.4.6.15.7.16,SNP_PROJECT.SNP_FOLDER.SNP_MAPPING.SNP_MAPCOMP.SNP_MAPCP.SNP_MAPATTR,d56af716-c985-435f-81fe-66d430572180,,,,,,,,,,,,,,,,,,,,,
SnpFKXRef,,,,,,,,,,,,,,,,,,,,,,,,,,,,,,,,,,,,,,,,,,,,,,,,,,,,,,,,,,,,,,,,,,,,,,,,,,,,,,,,,,,,,,,,,,,,,,,,,,,,,,,,,,,,,,,,,,,,,,,,,,,,,,,,,,,,,,,,,,,,,,,,,,,,,,,,SNP_MAPCP.404958,CW_PRJ_EDW_PILOT.Test.Test_3.d_pmt_meth_type.INPUT1,16.4.6.15.6,SNP_PROJECT.SNP_FOLDER.SNP_MAPPING.SNP_MAPCOMP.SNP_MAPCP,d30d3df7-3944-4c11-ba23-45b769676430,,,,,,,,,,,,,,,,,,,,,
SnpFKXRef,,,,,,,,,,,,,,,,,,,,,,,,,,,,,,,,,,,,,,,,,,,,,,,,,,,,,,,,,,,,,,,,,,,,,,,,,,,,,,,,,,,,,,,,,,,,,,,,,,,,,,,,,,,,,,,,,,,,,,,,,,,,,,,,,,,,,,,,,,,,,,,,,,,,,,,,SNP_TRT.4475,CW_PRJ_EDW_PILOT.BQ  Insert Inplace Update,16.25,SNP_PROJECT.SNP_TRT,bde849d9-3b4a-4abf-be74-7158a2527c01,,,,,,,,,,,,,,,,,,,,,
SnpFKXRef,,,,,,,,,,,,,,,,,,,,,,,,,,,,,,,,,,,,,,,,,,,,,,,,,,,,,,,,,,,,,,,,,,,,,,,,,,,,,,,,,,,,,,,,,,,,,,,,,,,,,,,,,,,,,,,,,,,,,,,,,,,,,,,,,,,,,,,,,,,,,,,,,,,,,,,,SNP_DEPLOYSPEC.33413,CW_PRJ_EDW_PILOT.Test.Test_3.Physical,16.4.6.8,SNP_PROJECT.SNP_FOLDER.SNP_MAPPING.SNP_DEPLOYSPEC,0d08ed00-4eb7-492c-a0eb-95d2d8575094,,,,,,,,,,,,,,,,,,,,,
SnpFKXRef,,,,,,,,,,,,,,,,,,,,,,,,,,,,,,,,,,,,,,,,,,,,,,,,,,,,,,,,,,,,,,,,,,,,,,,,,,,,,,,,,,,,,,,,,,,,,,,,,,,,,,,,,,,,,,,,,,,,,,,,,,,,,,,,,,,,,,,,,,,,,,,,,,,,,,,,SNP_EXECUNIT.33428,TARGET_GROUP.Copy_of_BQ_EDW_SEM_UNIT,12.23,SNP_EXECUNITGRP.SNP_EXECUNIT,99180bfb-66b7-4863-a552-49688669fa0f,,,,,,,,,,,,,,,,,,,,,
SnpFKXRef,,,,,,,,,,,,,,,,,,,,,,,,,,,,,,,,,,,,,,,,,,,,,,,,,,,,,,,,,,,,,,,,,,,,,,,,,,,,,,,,,,,,,,,,,,,,,,,,,,,,,,,,,,,,,,,,,,,,,,,,,,,,,,,,,,,,,,,,,,,,,,,,,,,,,,,,SNP_MAPREF.1828837,null,null,null,a7f2ff3d-5092-451d-a31d-f236ec5f70bc,,,,,,,,,,,,,,,,,,,,,
SnpFKXRef,,,,,,,,,,,,,,,,,,,,,,,,,,,,,,,,,,,,,,,,,,,,,,,,,,,,,,,,,,,,,,,,,,,,,,,,,,,,,,,,,,,,,,,,,,,,,,,,,,,,,,,,,,,,,,,,,,,,,,,,,,,,,,,,,,,,,,,,,,,,,,,,,,,,,,,,SNP_CONTEXT.29,BIGQUERY_DEV_CONTEXT,20,SNP_CONTEXT,6d84d77b-b84b-4c43-a565-991b37d554bf,,,,,,,,,,,,,,,,,,,,,
SnpFKXRef,,,,,,,,,,,,,,,,,,,,,,,,,,,,,,,,,,,,,,,,,,,,,,,,,,,,,,,,,,,,,,,,,,,,,,,,,,,,,,,,,,,,,,,,,,,,,,,,,,,,,,,,,,,,,,,,,,,,,,,,,,,,,,,,,,,,,,,,,,,,,,,,,,,,,,,,SNP_MAPREF.1828836,null,null,null,2066af52-2f45-4f54-b930-fb96bba7684d,,,,,,,,,,,,,,,,,,,,,
SnpFKXRef,,,,,,,,,,,,,,,,,,,,,,,,,,,,,,,,,,,,,,,,,,,,,,,,,,,,,,,,,,,,,,,,,,,,,,,,,,,,,,,,,,,,,,,,,,,,,,,,,,,,,,,,,,,,,,,,,,,,,,,,,,,,,,,,,,,,,,,,,,,,,,,,,,,,,,,,SNP_EXECUNITGRP.33424,TARGET_GROUP,12,SNP_EXECUNITGRP,05f2e0a7-e841-49d2-a246-7ff5458da667,,,,,,,,,,,,,,,,,,,,,
SnpFKXRef,,,,,,,,,,,,,,,,,,,,,,,,,,,,,,,,,,,,,,,,,,,,,,,,,,,,,,,,,,,,,,,,,,,,,,,,,,,,,,,,,,,,,,,,,,,,,,,,,,,,,,,,,,,,,,,,,,,,,,,,,,,,,,,,,,,,,,,,,,,,,,,,,,,,,,,,SNP_MAPREF.1828834,null,null,null,f08f6293-d0b4-45f8-897c-c84f21e1ccb9,,,,,,,,,,,,,,,,,,,,,
SnpFKXRef,,,,,,,,,,,,,,,,,,,,,,,,,,,,,,,,,,,,,,,,,,,,,,,,,,,,,,,,,,,,,,,,,,,,,,,,,,,,,,,,,,,,,,,,,,,,,,,,,,,,,,,,,,,,,,,,,,,,,,,,,,,,,,,,,,,,,,,,,,,,,,,,,,,,,,,,SNP_MAPREF.1828829,null,null,null,0326ed7a-d05c-454a-8047-a180b84596a2,,,,,,,,,,,,,,,,,,,,,
SnpFKXRef,,,,,,,,,,,,,,,,,,,,,,,,,,,,,,,,,,,,,,,,,,,,,,,,,,,,,,,,,,,,,,,,,,,,,,,,,,,,,,,,,,,,,,,,,,,,,,,,,,,,,,,,,,,,,,,,,,,,,,,,,,,,,,,,,,,,,,,,,,,,,,,,,,,,,,,,SNP_PHYNODE.175591,TARGET_GROUP.Copy_of_BQ_EDW_SEM_UNIT.D_PMT_METH_TYPE,12.23.15,SNP_EXECUNITGRP.SNP_EXECUNIT.SNP_PHYNODE,46119aaf-1525-435f-b04a-69e3899a55f3,,,,,,,,,,,,,,,,,,,,,
SnpFKXRef,,,,,,,,,,,,,,,,,,,,,,,,,,,,,,,,,,,,,,,,,,,,,,,,,,,,,,,,,,,,,,,,,,,,,,,,,,,,,,,,,,,,,,,,,,,,,,,,,,,,,,,,,,,,,,,,,,,,,,,,,,,,,,,,,,,,,,,,,,,,,,,,,,,,,,,,SNP_MAPEXPR.982208,null,null,null,0416c0ba-87ef-4085-845f-0d3d9c31a222,,,,,,,,,,,,,,,,,,,,,
SnpFKXRef,,,,,,,,,,,,,,,,,,,,,,,,,,,,,,,,,,,,,,,,,,,,,,,,,,,,,,,,,,,,,,,,,,,,,,,,,,,,,,,,,,,,,,,,,,,,,,,,,,,,,,,,,,,,,,,,,,,,,,,,,,,,,,,,,,,,,,,,,,,,,,,,,,,,,,,,SNP_COL.180829,Copy of EDW_VODACOM.Global.pmt_meth_type.pmt_meth_type_nm,19.6.13.16,SNP_MODEL.SNP_SUBMODEL.SNP_TABLE.SNP_COL,0a9ebcc7-caf6-4aed-b78f-211c2b6903fe,,,,,,,,,,,,,,,,,,,,,
SnpFKXRef,,,,,,,,,,,,,,,,,,,,,,,,,,,,,,,,,,,,,,,,,,,,,,,,,,,,,,,,,,,,,,,,,,,,,,,,,,,,,,,,,,,,,,,,,,,,,,,,,,,,,,,,,,,,,,,,,,,,,,,,,,,,,,,,,,,,,,,,,,,,,,,,,,,,,,,,SNP_TABLE.9418,Copy of EDW_VODACOM.Global.pmt_meth_type,19.6.13,SNP_MODEL.SNP_SUBMODEL.SNP_TABLE,8387f7b7-54ac-4c99-9a71-b53ace96e599,,,,,,,,,,,,,,,,,,,,,
SnpFKXRef,,,,,,,,,,,,,,,,,,,,,,,,,,,,,,,,,,,,,,,,,,,,,,,,,,,,,,,,,,,,,,,,,,,,,,,,,,,,,,,,,,,,,,,,,,,,,,,,,,,,,,,,,,,,,,,,,,,,,,,,,,,,,,,,,,,,,,,,,,,,,,,,,,,,,,,,SNP_MAPCP.404955,CW_PRJ_EDW_PILOT.Test.Test_3.pmt_meth_type.OUTPUT1,16.4.6.13.7,SNP_PROJECT.SNP_FOLDER.SNP_MAPPING.SNP_MAPCOMP.SNP_MAPCP,da192690-bfc0-4931-ada0-344b7e2b083e,,,,,,,,,,,,,,,,,,,,,
SnpFKXRef,,,,,,,,,,,,,,,,,,,,,,,,,,,,,,,,,,,,,,,,,,,,,,,,,,,,,,,,,,,,,,,,,,,,,,,,,,,,,,,,,,,,,,,,,,,,,,,,,,,,,,,,,,,,,,,,,,,,,,,,,,,,,,,,,,,,,,,,,,,,,,,,,,,,,,,,SNP_MAPREF.1828818,null,null,null,92abde7f-3866-40f8-907d-ef77a97c9e85,,,,,,,,,,,,,,,,,,,,,
SnpFKXRef,,,,,,,,,,,,,,,,,,,,,,,,,,,,,,,,,,,,,,,,,,,,,,,,,,,,,,,,,,,,,,,,,,,,,,,,,,,,,,,,,,,,,,,,,,,,,,,,,,,,,,,,,,,,,,,,,,,,,,,,,,,,,,,,,,,,,,,,,,,,,,,,,,,,,,,,SNP_MAPREF.1828813,null,null,null,7b7ef6fd-b3a7-4134-b27c-01743f02039d,,,,,,,,,,,,,,,,,,,,,
SnpFKXRef,,,,,,,,,,,,,,,,,,,,,,,,,,,,,,,,,,,,,,,,,,,,,,,,,,,,,,,,,,,,,,,,,,,,,,,,,,,,,,,,,,,,,,,,,,,,,,,,,,,,,,,,,,,,,,,,,,,,,,,,,,,,,,,,,,,,,,,,,,,,,,,,,,,,,,,,SNP_MAPCOMP.191368,CW_PRJ_EDW_PILOT.Test.Test_3.pmt_meth_type,16.4.6.13,SNP_PROJECT.SNP_FOLDER.SNP_MAPPING.SNP_MAPCOMP,99bc84dc-169d-4554-9cf4-caf92c9330f6,,,,,,,,,,,,,,,,,,,,,
SnpFKXRef,,,,,,,,,,,,,,,,,,,,,,,,,,,,,,,,,,,,,,,,,,,,,,,,,,,,,,,,,,,,,,,,,,,,,,,,,,,,,,,,,,,,,,,,,,,,,,,,,,,,,,,,,,,,,,,,,,,,,,,,,,,,,,,,,,,,,,,,,,,,,,,,,,,,,,,,SNP_MAPATTR.1403548,CW_PRJ_EDW_PILOT.Test.Test_3.pmt_meth_type.OUTPUT1.pmt_meth_type_nm,16.4.6.13.7.16,SNP_PROJECT.SNP_FOLDER.SNP_MAPPING.SNP_MAPCOMP.SNP_MAPCP.SNP_MAPATTR,a4f55ba2-d632-4c87-9808-e9fabc3afc6c,,,,,,,,,,,,,,,,,,,,,
SnpFKXRef,,,,,,,,,,,,,,,,,,,,,,,,,,,,,,,,,,,,,,,,,,,,,,,,,,,,,,,,,,,,,,,,,,,,,,,,,,,,,,,,,,,,,,,,,,,,,,,,,,,,,,,,,,,,,,,,,,,,,,,,,,,,,,,,,,,,,,,,,,,,,,,,,,,,,,,,SNP_COL.180832,Copy of EDW_VODACOM.Global.pmt_meth_type.prcss_clsd_dttm,19.6.13.15,SNP_MODEL.SNP_SUBMODEL.SNP_TABLE.SNP_COL,4fa524ef-3e35-4b39-bc55-fe288d0e1cf0,,,,,,,,,,,,,,,,,,,,,
SnpFKXRef,,,,,,,,,,,,,,,,,,,,,,,,,,,,,,,,,,,,,,,,,,,,,,,,,,,,,,,,,,,,,,,,,,,,,,,,,,,,,,,,,,,,,,,,,,,,,,,,,,,,,,,,,,,,,,,,,,,,,,,,,,,,,,,,,,,,,,,,,,,,,,,,,,,,,,,,SNP_MAPREF.1828823,null,null,null,4e3fe6b8-8bc4-4e71-aac0-95302279b367,,,,,,,,,,,,,,,,,,,,,
SnpFKXRef,,,,,,,,,,,,,,,,,,,,,,,,,,,,,,,,,,,,,,,,,,,,,,,,,,,,,,,,,,,,,,,,,,,,,,,,,,,,,,,,,,,,,,,,,,,,,,,,,,,,,,,,,,,,,,,,,,,,,,,,,,,,,,,,,,,,,,,,,,,,,,,,,,,,,,,,SNP_MAPREF.1828826,null,null,null,f90a7b73-53cf-4a62-ac7d-ef90eb5c7b3f,,,,,,,,,,,,,,,,,,,,,
SnpFKXRef,,,,,,,,,,,,,,,,,,,,,,,,,,,,,,,,,,,,,,,,,,,,,,,,,,,,,,,,,,,,,,,,,,,,,,,,,,,,,,,,,,,,,,,,,,,,,,,,,,,,,,,,,,,,,,,,,,,,,,,,,,,,,,,,,,,,,,,,,,,,,,,,,,,,,,,,SNP_MAPCOMPTYPE.2,FILTER,6,SNP_MAPCOMPTYPE,11f14cfc-70cd-486f-ad64-82882dba1d8f,,,,,,,,,,,,,,,,,,,,,
SnpFKXRef,,,,,,,,,,,,,,,,,,,,,,,,,,,,,,,,,,,,,,,,,,,,,,,,,,,,,,,,,,,,,,,,,,,,,,,,,,,,,,,,,,,,,,,,,,,,,,,,,,,,,,,,,,,,,,,,,,,,,,,,,,,,,,,,,,,,,,,,,,,,,,,,,,,,,,,,SNP_MAPCOMP.191369,CW_PRJ_EDW_PILOT.Test.Test_3.FILTER,16.4.6.6,SNP_PROJECT.SNP_FOLDER.SNP_MAPPING.SNP_MAPCOMP,940cecf1-a48c-49eb-ac52-dbc0c38e6d7c,,,,,,,,,,,,,,,,,,,,,
SnpFKXRef,,,,,,,,,,,,,,,,,,,,,,,,,,,,,,,,,,,,,,,,,,,,,,,,,,,,,,,,,,,,,,,,,,,,,,,,,,,,,,,,,,,,,,,,,,,,,,,,,,,,,,,,,,,,,,,,,,,,,,,,,,,,,,,,,,,,,,,,,,,,,,,,,,,,,,,,SNP_MAPCPROLE.3,FILTER.INPUT,6.5,SNP_MAPCOMPTYPE.SNP_MAPCPROLE,96e773bf-b23c-4402-a34e-a0229a7e692a,,,,,,,,,,,,,,,,,,,,,
SnpFKXRef,,,,,,,,,,,,,,,,,,,,,,,,,,,,,,,,,,,,,,,,,,,,,,,,,,,,,,,,,,,,,,,,,,,,,,,,,,,,,,,,,,,,,,,,,,,,,,,,,,,,,,,,,,,,,,,,,,,,,,,,,,,,,,,,,,,,,,,,,,,,,,,,,,,,,,,,SNP_MAPEXPR.982212,null,null,null,7fcc6ab3-cd9d-4fb6-8199-7cc872977300,,,,,,,,,,,,,,,,,,,,,
SnpFKXRef,,,,,,,,,,,,,,,,,,,,,,,,,,,,,,,,,,,,,,,,,,,,,,,,,,,,,,,,,,,,,,,,,,,,,,,,,,,,,,,,,,,,,,,,,,,,,,,,,,,,,,,,,,,,,,,,,,,,,,,,,,,,,,,,,,,,,,,,,,,,,,,,,,,,,,,,SNP_MAPATTR.1403550,CW_PRJ_EDW_PILOT.Test.Test_3.pmt_meth_type.OUTPUT1.prcss_clsd_dttm,16.4.6.13.7.15,SNP_PROJECT.SNP_FOLDER.SNP_MAPPING.SNP_MAPCOMP.SNP_MAPCP.SNP_MAPATTR,0e605c97-2de9-458d-91e7-712cdb62ab33,,,,,,,,,,,,,,,,,,,,,
SnpFKXRef,,,,,,,,,,,,,,,,,,,,,,,,,,,,,,,,,,,,,,,,,,,,,,,,,,,,,,,,,,,,,,,,,,,,,,,,,,,,,,,,,,,,,,,,,,,,,,,,,,,,,,,,,,,,,,,,,,,,,,,,,,,,,,,,,,,,,,,,,,,,,,,,,,,,,,,,SNP_MAPCP.404956,CW_PRJ_EDW_PILOT.Test.Test_3.FILTER.INPUT1,16.4.6.6.6,SNP_PROJECT.SNP_FOLDER.SNP_MAPPING.SNP_MAPCOMP.SNP_MAPCP,169fedbb-4c60-4ff2-85c1-8e68de9cc989,,,,,,,,,,,,,,,,,,,,,
SnpFKXRef,,,,,,,,,,,,,,,,,,,,,,,,,,,,,,,,,,,,,,,,,,,,,,,,,,,,,,,,,,,,,,,,,,,,,,,,,,,,,,,,,,,,,,,,,,,,,,,,,,,,,,,,,,,,,,,,,,,,,,,,,,,,,,,,,,,,,,,,,,,,,,,,,,,,,,,,SNP_MAPPROPDEF.36,FILTER.FILTER_CONDITION,6.16,SNP_MAPCOMPTYPE.SNP_MAPPROPDEF,b0aee92f-3018-4de9-b2ed-82e9f2891a4f,,,,,,,,,,,,,,,,,,,,,
SnpFKXRef,,,,,,,,,,,,,,,,,,,,,,,,,,,,,,,,,,,,,,,,,,,,,,,,,,,,,,,,,,,,,,,,,,,,,,,,,,,,,,,,,,,,,,,,,,,,,,,,,,,,,,,,,,,,,,,,,,,,,,,,,,,,,,,,,,,,,,,,,,,,,,,,,,,,,,,,SNP_MAPPROP.2375560,CW_PRJ_EDW_PILOT.Test.Test_3.FILTER_CONDITION,16.4.6.16,SNP_PROJECT.SNP_FOLDER.SNP_MAPPING.SNP_MAPPROP,54267f2e-e37d-4638-bea3-f7eb8870796c,,,,,,,,,,,,,,,,,,,,,
SnpFKXRef,,,,,,,,,,,,,,,,,,,,,,,,,,,,,,,,,,,,,,,,,,,,,,,,,,,,,,,,,,,,,,,,,,,,,,,,,,,,,,,,,,,,,,,,,,,,,,,,,,,,,,,,,,,,,,,,,,,,,,,,,,,,,,,,,,,,,,,,,,,,,,,,,,,,,,,,SNP_COL.169333,Copy of EDW_SEM.Global.d_pmt_meth_type.pmt_meth_type_desc,15.6.15.18,SNP_MODEL.SNP_SUBMODEL.SNP_TABLE.SNP_COL,883984c7-e06a-4291-908e-f38d3e7f4151,,,,,,,,,,,,,,,,,,,,,
SnpFKXRef,,,,,,,,,,,,,,,,,,,,,,,,,,,,,,,,,,,,,,,,,,,,,,,,,,,,,,,,,,,,,,,,,,,,,,,,,,,,,,,,,,,,,,,,,,,,,,,,,,,,,,,,,,,,,,,,,,,,,,,,,,,,,,,,,,,,,,,,,,,,,,,,,,,,,,,,SNP_MAPREF.1828822,null,null,null,59927b2e-23ee-42e3-a68b-947bac73df1d,,,,,,,,,,,,,,,,,,,,,
SnpFKXRef,,,,,,,,,,,,,,,,,,,,,,,,,,,,,,,,,,,,,,,,,,,,,,,,,,,,,,,,,,,,,,,,,,,,,,,,,,,,,,,,,,,,,,,,,,,,,,,,,,,,,,,,,,,,,,,,,,,,,,,,,,,,,,,,,,,,,,,,,,,,,,,,,,,,,,,,SNP_MAPATTR.1403553,CW_PRJ_EDW_PILOT.Test.Test_3.d_pmt_meth_type.OUTPUT1.pmt_meth_type_desc,16.4.6.15.7.18,SNP_PROJECT.SNP_FOLDER.SNP_MAPPING.SNP_MAPCOMP.SNP_MAPCP.SNP_MAPATTR,c189c8b6-024d-46e8-b54f-325abf23206e,,,,,,,,,,,,,,,,,,,,,
SnpFKXRef,,,,,,,,,,,,,,,,,,,,,,,,,,,,,,,,,,,,,,,,,,,,,,,,,,,,,,,,,,,,,,,,,,,,,,,,,,,,,,,,,,,,,,,,,,,,,,,,,,,,,,,,,,,,,,,,,,,,,,,,,,,,,,,,,,,,,,,,,,,,,,,,,,,,,,,,SNP_MAPEXPR.982213,null,null,null,25538740-3c5a-4c30-b82e-636caba7b064,,,,,,,,,,,,,,,,,,,,,
SnpFKXRef,,,,,,,,,,,,,,,,,,,,,,,,,,,,,,,,,,,,,,,,,,,,,,,,,,,,,,,,,,,,,,,,,,,,,,,,,,,,,,,,,,,,,,,,,,,,,,,,,,,,,,,,,,,,,,,,,,,,,,,,,,,,,,,,,,,,,,,,,,,,,,,,,,,,,,,,SNP_COL.183712,Copy of EDW_VODACOM.Global.pmt_meth_type.pmt_meth_type_desc,19.6.13.18,SNP_MODEL.SNP_SUBMODEL.SNP_TABLE.SNP_COL,c52bcc68-d022-4af1-8da8-050e02d98c73,,,,,,,,,,,,,,,,,,,,,
SnpFKXRef,,,,,,,,,,,,,,,,,,,,,,,,,,,,,,,,,,,,,,,,,,,,,,,,,,,,,,,,,,,,,,,,,,,,,,,,,,,,,,,,,,,,,,,,,,,,,,,,,,,,,,,,,,,,,,,,,,,,,,,,,,,,,,,,,,,,,,,,,,,,,,,,,,,,,,,,SNP_MAPREF.1828827,null,null,null,3c593944-ba9c-481b-9248-3726fcb714bd,,,,,,,,,,,,,,,,,,,,,
SnpFKXRef,,,,,,,,,,,,,,,,,,,,,,,,,,,,,,,,,,,,,,,,,,,,,,,,,,,,,,,,,,,,,,,,,,,,,,,,,,,,,,,,,,,,,,,,,,,,,,,,,,,,,,,,,,,,,,,,,,,,,,,,,,,,,,,,,,,,,,,,,,,,,,,,,,,,,,,,SNP_MAPATTR.1403554,CW_PRJ_EDW_PILOT.Test.Test_3.pmt_meth_type.OUTPUT1.pmt_meth_type_desc,16.4.6.13.7.18,SNP_PROJECT.SNP_FOLDER.SNP_MAPPING.SNP_MAPCOMP.SNP_MAPCP.SNP_MAPATTR,ae6edddf-c687-4d32-83e6-e888f44ec017,,,,,,,,,,,,,,,,,,,,,
SnpFKXRef,,,,,,,,,,,,,,,,,,,,,,,,,,,,,,,,,,,,,,,,,,,,,,,,,,,,,,,,,,,,,,,,,,,,,,,,,,,,,,,,,,,,,,,,,,,,,,,,,,,,,,,,,,,,,,,,,,,,,,,,,,,,,,,,,,,,,,,,,,,,,,,,,,,,,,,,SNP_COL.169331,Copy of EDW_SEM.Global.d_pmt_meth_type.pmt_meth_type_cd,15.6.15.16,SNP_MODEL.SNP_SUBMODEL.SNP_TABLE.SNP_COL,a1c68c79-4004-4777-93a9-03a03693afb7,,,,,,,,,,,,,,,,,,,,,
SnpFKXRef,,,,,,,,,,,,,,,,,,,,,,,,,,,,,,,,,,,,,,,,,,,,,,,,,,,,,,,,,,,,,,,,,,,,,,,,,,,,,,,,,,,,,,,,,,,,,,,,,,,,,,,,,,,,,,,,,,,,,,,,,,,,,,,,,,,,,,,,,,,,,,,,,,,,,,,,SNP_MAPREF.1828817,null,null,null,7c5d826e-44a7-4cfa-96a7-b48f1d699aa9,,,,,,,,,,,,,,,,,,,,,
SnpFKXRef,,,,,,,,,,,,,,,,,,,,,,,,,,,,,,,,,,,,,,,,,,,,,,,,,,,,,,,,,,,,,,,,,,,,,,,,,,,,,,,,,,,,,,,,,,,,,,,,,,,,,,,,,,,,,,,,,,,,,,,,,,,,,,,,,,,,,,,,,,,,,,,,,,,,,,,,SNP_MAPATTR.1403551,CW_PRJ_EDW_PILOT.Test.Test_3.d_pmt_meth_type.OUTPUT1.pmt_meth_type_cd,16.4.6.15.7.16,SNP_PROJECT.SNP_FOLDER.SNP_MAPPING.SNP_MAPCOMP.SNP_MAPCP.SNP_MAPATTR,8af72fef-4994-4f75-a2ae-d96aca6ce673,,,,,,,,,,,,,,,,,,,,,
SnpFKXRef,,,,,,,,,,,,,,,,,,,,,,,,,,,,,,,,,,,,,,,,,,,,,,,,,,,,,,,,,,,,,,,,,,,,,,,,,,,,,,,,,,,,,,,,,,,,,,,,,,,,,,,,,,,,,,,,,,,,,,,,,,,,,,,,,,,,,,,,,,,,,,,,,,,,,,,,SNP_MAPEXPR.982207,null,null,null,8f6191de-f677-45ab-98b0-e1b8386b7bcb,,,,,,,,,,,,,,,,,,,,,
SnpFKXRef,,,,,,,,,,,,,,,,,,,,,,,,,,,,,,,,,,,,,,,,,,,,,,,,,,,,,,,,,,,,,,,,,,,,,,,,,,,,,,,,,,,,,,,,,,,,,,,,,,,,,,,,,,,,,,,,,,,,,,,,,,,,,,,,,,,,,,,,,,,,,,,,,,,,,,,,SNP_COL.180828,Copy of EDW_VODACOM.Global.pmt_meth_type.pmt_meth_type_cd,19.6.13.16,SNP_MODEL.SNP_SUBMODEL.SNP_TABLE.SNP_COL,76e332bd-0772-4007-b269-53e01d97f9c3,,,,,,,,,,,,,,,,,,,,,
SnpFKXRef,,,,,,,,,,,,,,,,,,,,,,,,,,,,,,,,,,,,,,,,,,,,,,,,,,,,,,,,,,,,,,,,,,,,,,,,,,,,,,,,,,,,,,,,,,,,,,,,,,,,,,,,,,,,,,,,,,,,,,,,,,,,,,,,,,,,,,,,,,,,,,,,,,,,,,,,SNP_MAPREF.1828815,null,null,null,e7b08aef-3146-4e46-b482-1abd14ff00ca,,,,,,,,,,,,,,,,,,,,,
SnpFKXRef,,,,,,,,,,,,,,,,,,,,,,,,,,,,,,,,,,,,,,,,,,,,,,,,,,,,,,,,,,,,,,,,,,,,,,,,,,,,,,,,,,,,,,,,,,,,,,,,,,,,,,,,,,,,,,,,,,,,,,,,,,,,,,,,,,,,,,,,,,,,,,,,,,,,,,,,SNP_MAPATTR.1403547,CW_PRJ_EDW_PILOT.Test.Test_3.pmt_meth_type.OUTPUT1.pmt_meth_type_cd,16.4.6.13.7.16,SNP_PROJECT.SNP_FOLDER.SNP_MAPPING.SNP_MAPCOMP.SNP_MAPCP.SNP_MAPATTR,7984d970-dcd7-4bfb-8970-b5975dbd8b29,,,,,,,,,,,,,,,,,,,,,
SnpFKXRef,,,,,,,,,,,,,,,,,,,,,,,,,,,,,,,,,,,,,,,,,,,,,,,,,,,,,,,,,,,,,,,,,,,,,,,,,,,,,,,,,,,,,,,,,,,,,,,,,,,,,,,,,,,,,,,,,,,,,,,,,,,,,,,,,,,,,,,,,,,,,,,,,,,,,,,,SNP_MAPREF.1828821,null,null,null,85ea0615-1c9a-47ed-b86b-71b48cfca05d,,,,,,,,,,,,,,,,,,,,,
SnpFKXRef,,,,,,,,,,,,,,,,,,,,,,,,,,,,,,,,,,,,,,,,,,,,,,,,,,,,,,,,,,,,,,,,,,,,,,,,,,,,,,,,,,,,,,,,,,,,,,,,,,,,,,,,,,,,,,,,,,,,,,,,,,,,,,,,,,,,,,,,,,,,,,,,,,,,,,,,SNP_MAPREF.1828819,null,null,null,2906a6b8-ff22-496d-b3f0-0efa303d0003,,,,,,,,,,,,,,,,,,,,,
SnpFKXRef,,,,,,,,,,,,,,,,,,,,,,,,,,,,,,,,,,,,,,,,,,,,,,,,,,,,,,,,,,,,,,,,,,,,,,,,,,,,,,,,,,,,,,,,,,,,,,,,,,,,,,,,,,,,,,,,,,,,,,,,,,,,,,,,,,,,,,,,,,,,,,,,,,,,,,,,SNP_DT.678,Teradata.VARCHAR,8.7,SNP_TECHNO.SNP_DT,ce91f01b-1028-3055-a164-aebdcf008277,,,,,,,,,,,,,,,,,,,,,
SnpFKXRef,,,,,,,,,,,,,,,,,,,,,,,,,,,,,,,,,,,,,,,,,,,,,,,,,,,,,,,,,,,,,,,,,,,,,,,,,,,,,,,,,,,,,,,,,,,,,,,,,,,,,,,,,,,,,,,,,,,,,,,,,,,,,,,,,,,,,,,,,,,,,,,,,,,,,,,,SNP_COL.169330,Copy of EDW_SEM.Global.d_pmt_meth_type.pmt_meth_type_uid,15.6.15.17,SNP_MODEL.SNP_SUBMODEL.SNP_TABLE.SNP_COL,524bb737-98d4-4be5-991c-c0aee37e3f62,,,,,,,,,,,,,,,,,,,,,
SnpFKXRef,,,,,,,,,,,,,,,,,,,,,,,,,,,,,,,,,,,,,,,,,,,,,,,,,,,,,,,,,,,,,,,,,,,,,,,,,,,,,,,,,,,,,,,,,,,,,,,,,,,,,,,,,,,,,,,,,,,,,,,,,,,,,,,,,,,,,,,,,,,,,,,,,,,,,,,,SNP_MAPREF.1828828,null,null,null,e67f2ca1-8f73-439d-a2ce-466a7b0bae11,,,,,,,,,,,,,,,,,,,,,
SnpFKXRef,,,,,,,,,,,,,,,,,,,,,,,,,,,,,,,,,,,,,,,,,,,,,,,,,,,,,,,,,,,,,,,,,,,,,,,,,,,,,,,,,,,,,,,,,,,,,,,,,,,,,,,,,,,,,,,,,,,,,,,,,,,,,,,,,,,,,,,,,,,,,,,,,,,,,,,,SNP_MAPATTR.1403555,CW_PRJ_EDW_PILOT.Test.Test_3.d_pmt_meth_type.OUTPUT1.pmt_meth_type_uid,16.4.6.15.7.17,SNP_PROJECT.SNP_FOLDER.SNP_MAPPING.SNP_MAPCOMP.SNP_MAPCP.SNP_MAPATTR,c4de2627-6ebb-4572-80ad-d5aaf178efba,,,,,,,,,,,,,,,,,,,,,
SnpFKXRef,,,,,,,,,,,,,,,,,,,,,,,,,,,,,,,,,,,,,,,,,,,,,,,,,,,,,,,,,,,,,,,,,,,,,,,,,,,,,,,,,,,,,,,,,,,,,,,,,,,,,,,,,,,,,,,,,,,,,,,,,,,,,,,,,,,,,,,,,,,,,,,,,,,,,,,,SNP_MAPEXPR.982215,null,null,null,a7403f42-922d-4320-a255-704a035782b7,,,,,,,,,,,,,,,,,,,,,
SnpFKXRef,,,,,,,,,,,,,,,,,,,,,,,,,,,,,,,,,,,,,,,,,,,,,,,,,,,,,,,,,,,,,,,,,,,,,,,,,,,,,,,,,,,,,,,,,,,,,,,,,,,,,,,,,,,,,,,,,,,,,,,,,,,,,,,,,,,,,,,,,,,,,,,,,,,,,,,,SNP_TRT.7,XKM SQL Extract,15,SNP_TRT,423bbc73-54a3-4f85-9553-62ac65a2174b,,,,,,,,,,,,,,,,,,,,,
SnpFKXRef,,,,,,,,,,,,,,,,,,,,,,,,,,,,,,,,,,,,,,,,,,,,,,,,,,,,,,,,,,,,,,,,,,,,,,,,,,,,,,,,,,,,,,,,,,,,,,,,,,,,,,,,,,,,,,,,,,,,,,,,,,,,,,,,,,,,,,,,,,,,,,,,,,,,,,,,SNP_PHYNODE.175592,TARGET_GROUP.Copy_of_BQ_EDW_SEM_UNIT.D_PMT_METH_TYPE.FILTER,12.23.15.6,SNP_EXECUNITGRP.SNP_EXECUNIT.SNP_PHYNODE.SNP_PHYNODE,bb56baf0-dc96-4b16-bf88-a52bec2a334d,,,,,,,,,,,,,,,,,,,,,
SnpFKXRef,,,,,,,,,,,,,,,,,,,,,,,,,,,,,,,,,,,,,,,,,,,,,,,,,,,,,,,,,,,,,,,,,,,,,,,,,,,,,,,,,,,,,,,,,,,,,,,,,,,,,,,,,,,,,,,,,,,,,,,,,,,,,,,,,,,,,,,,,,,,,,,,,,,,,,,,SNP_MAPREF.1828833,null,null,null,1c9df1d7-08ce-4c89-b682-0c6f05e5339a,,,,,,,,,,,,,,,,,,,,,
SnpFKXRef,,,,,,,,,,,,,,,,,,,,,,,,,,,,,,,,,,,,,,,,,,,,,,,,,,,,,,,,,,,,,,,,,,,,,,,,,,,,,,,,,,,,,,,,,,,,,,,,,,,,,,,,,,,,,,,,,,,,,,,,,,,,,,,,,,,,,,,,,,,,,,,,,,,,,,,,SNP_TRT.15,XKM SQL Filter,14,SNP_TRT,d16dfe47-8e6e-4b3c-a286-c8724b301418,,,,,,,,,,,,,,,,,,,,,
SnpFKXRef,,,,,,,,,,,,,,,,,,,,,,,,,,,,,,,,,,,,,,,,,,,,,,,,,,,,,,,,,,,,,,,,,,,,,,,,,,,,,,,,,,,,,,,,,,,,,,,,,,,,,,,,,,,,,,,,,,,,,,,,,,,,,,,,,,,,,,,,,,,,,,,,,,,,,,,,SNP_MAPCP.404957,CW_PRJ_EDW_PILOT.Test.Test_3.FILTER.OUTPUT1,16.4.6.6.7,SNP_PROJECT.SNP_FOLDER.SNP_MAPPING.SNP_MAPCOMP.SNP_MAPCP,2728cbab-cdb7-447d-8bc5-475f38718292,,,,,,,,,,,,,,,,,,,,,
SnpFKXRef,,,,,,,,,,,,,,,,,,,,,,,,,,,,,,,,,,,,,,,,,,,,,,,,,,,,,,,,,,,,,,,,,,,,,,,,,,,,,,,,,,,,,,,,,,,,,,,,,,,,,,,,,,,,,,,,,,,,,,,,,,,,,,,,,,,,,,,,,,,,,,,,,,,,,,,,SNP_MAPREF.1828832,null,null,null,a5095e0f-a25c-4fec-b6f3-e7de216303cc,,,,,,,,,,,,,,,,,,,,,
SnpFKXRef,,,,,,,,,,,,,,,,,,,,,,,,,,,,,,,,,,,,,,,,,,,,,,,,,,,,,,,,,,,,,,,,,,,,,,,,,,,,,,,,,,,,,,,,,,,,,,,,,,,,,,,,,,,,,,,,,,,,,,,,,,,,,,,,,,,,,,,,,,,,,,,,,,,,,,,,SNP_MAPCPROLE.4,FILTER.OUTPUT,6.6,SNP_MAPCOMPTYPE.SNP_MAPCPROLE,dfedb55a-d7d3-4b46-afdf-efa024d866cd,,,,,,,,,,,,,,,,,,,,,
SnpFKXRef,,,,,,,,,,,,,,,,,,,,,,,,,,,,,,,,,,,,,,,,,,,,,,,,,,,,,,,,,,,,,,,,,,,,,,,,,,,,,,,,,,,,,,,,,,,,,,,,,,,,,,,,,,,,,,,,,,,,,,,,,,,,,,,,,,,,,,,,,,,,,,,,,,,,,,,,SNP_TRT.9,IKM SQL Insert,14,SNP_TRT,f5a07b3d-e76f-425e-a851-59ebaaaf582e,,,,,,,,,,,,,,,,,,,,,
SnpFKXRef,,,,,,,,,,,,,,,,,,,,,,,,,,,,,,,,,,,,,,,,,,,,,,,,,,,,,,,,,,,,,,,,,,,,,,,,,,,,,,,,,,,,,,,,,,,,,,,,,,,,,,,,,,,,,,,,,,,,,,,,,,,,,,,,,,,,,,,,,,,,,,,,,,,,,,,,SNP_TRT.2,EKM SQL Multi-Connect,21,SNP_TRT,5a6ce45e-4b2f-4a0a-b5e5-711321c09815,,,,,,,,,,,,,,,,,,,,,
SnpFKXRef,,,,,,,,,,,,,,,,,,,,,,,,,,,,,,,,,,,,,,,,,,,,,,,,,,,,,,,,,,,,,,,,,,,,,,,,,,,,,,,,,,,,,,,,,,,,,,,,,,,,,,,,,,,,,,,,,,,,,,,,,,,,,,,,,,,,,,,,,,,,,,,,,,,,,,,,SNP_LSCHEMA.154,Simba_BiqQuery_Test.Copy of BQ_EDW_SEM,19.18,SNP_TECHNO.SNP_LSCHEMA,27b36735-260e-42b5-9d5a-cfbcc950d397,,,,,,,,,,,,,,,,,,,,,
SnpFKXRef,,,,,,,,,,,,,,,,,,,,,,,,,,,,,,,,,,,,,,,,,,,,,,,,,,,,,,,,,,,,,,,,,,,,,,,,,,,,,,,,,,,,,,,,,,,,,,,,,,,,,,,,,,,,,,,,,,,,,,,,,,,,,,,,,,,,,,,,,,,,,,,,,,,,,,,,SNP_TRT.1,EKM SQL Mono-Connect,20,SNP_TRT,f837d6fe-7c4c-4a11-add2-1aa0d854eb2b,,,,,,,,,,,,,,,,,,,,,
SnpFKXRef,,,,,,,,,,,,,,,,,,,,,,,,,,,,,,,,,,,,,,,,,,,,,,,,,,,,,,,,,,,,,,,,,,,,,,,,,,,,,,,,,,,,,,,,,,,,,,,,,,,,,,,,,,,,,,,,,,,,,,,,,,,,,,,,,,,,,,,,,,,,,,,,,,,,,,,,SNP_DT.1118,Simba_BiqQuery_Test.TIMESTAMP,19.9,SNP_TECHNO.SNP_DT,f829e20f-33c0-4ae3-acf3-995a078baf24,,,,,,,,,,,,,,,,,,,,,
SnpFKXRef,,,,,,,,,,,,,,,,,,,,,,,,,,,,,,,,,,,,,,,,,,,,,,,,,,,,,,,,,,,,,,,,,,,,,,,,,,,,,,,,,,,,,,,,,,,,,,,,,,,,,,,,,,,,,,,,,,,,,,,,,,,,,,,,,,,,,,,,,,,,,,,,,,,,,,,,SNP_DT.1183,Simba_BiqQuery_Test.STRING,19.6,SNP_TECHNO.SNP_DT,d4e7c7d3-b452-4796-85cf-9e0cc8e28598,,,,,,,,,,,,,,,,,,,,,
SnpFKXRef,,,,,,,,,,,,,,,,,,,,,,,,,,,,,,,,,,,,,,,,,,,,,,,,,,,,,,,,,,,,,,,,,,,,,,,,,,,,,,,,,,,,,,,,,,,,,,,,,,,,,,,,,,,,,,,,,,,,,,,,,,,,,,,,,,,,,,,,,,,,,,,,,,,,,,,,SNP_LSCHEMA.155,Simba_BiqQuery_Test.Copy of BQ_EDW_VODACOM,19.22,SNP_TECHNO.SNP_LSCHEMA,f2356325-330c-4af2-8ff5-96f5ccbb005d,,,,,,,,,,,,,,,,,,,,,
SnpFKXRef,,,,,,,,,,,,,,,,,,,,,,,,,,,,,,,,,,,,,,,,,,,,,,,,,,,,,,,,,,,,,,,,,,,,,,,,,,,,,,,,,,,,,,,,,,,,,,,,,,,,,,,,,,,,,,,,,,,,,,,,,,,,,,,,,,,,,,,,,,,,,,,,,,,,,,,,SNP_MAPPROPDEF.239,IS_DEFAULT_TARGET_KM,20,SNP_MAPPROPDEF,8f1ad9db-6d7e-4a2b-b6ec-0053c56b8cde,,,,,,,,,,,,,,,,,,,,,
SnpFKXRef,,,,,,,,,,,,,,,,,,,,,,,,,,,,,,,,,,,,,,,,,,,,,,,,,,,,,,,,,,,,,,,,,,,,,,,,,,,,,,,,,,,,,,,,,,,,,,,,,,,,,,,,,,,,,,,,,,,,,,,,,,,,,,,,,,,,,,,,,,,,,,,,,,,,,,,,SNP_MAPPROPDEF.226,IS_DEFAULT_EKM,14,SNP_MAPPROPDEF,92cecdac-cc6e-4e44-ab6b-80a4e9f0457b,,,,,,,,,,,,,,,,,,,,,
SnpFKXRef,,,,,,,,,,,,,,,,,,,,,,,,,,,,,,,,,,,,,,,,,,,,,,,,,,,,,,,,,,,,,,,,,,,,,,,,,,,,,,,,,,,,,,,,,,,,,,,,,,,,,,,,,,,,,,,,,,,,,,,,,,,,,,,,,,,,,,,,,,,,,,,,,,,,,,,,SNP_MAPPROPDEF.214,BEGIN_MAPPING_CMD,17,SNP_MAPPROPDEF,cf0e5fd5-f2d3-4ec0-bf91-b15859c78ef7,,,,,,,,,,,,,,,,,,,,,
SnpFKXRef,,,,,,,,,,,,,,,,,,,,,,,,,,,,,,,,,,,,,,,,,,,,,,,,,,,,,,,,,,,,,,,,,,,,,,,,,,,,,,,,,,,,,,,,,,,,,,,,,,,,,,,,,,,,,,,,,,,,,,,,,,,,,,,,,,,,,,,,,,,,,,,,,,,,,,,,SNP_MAPPROP.2375569,CW_PRJ_EDW_PILOT.Test.Test_3.BEGIN_MAPPING_CMD,16.4.6.17,SNP_PROJECT.SNP_FOLDER.SNP_MAPPING.SNP_MAPPROP,566e9348-b599-4029-aed1-f5ea8aa2f48d,,,,,,,,,,,,,,,,,,,,,
SnpFKXRef,,,,,,,,,,,,,,,,,,,,,,,,,,,,,,,,,,,,,,,,,,,,,,,,,,,,,,,,,,,,,,,,,,,,,,,,,,,,,,,,,,,,,,,,,,,,,,,,,,,,,,,,,,,,,,,,,,,,,,,,,,,,,,,,,,,,,,,,,,,,,,,,,,,,,,,,SNP_MAPPROPDEF.217,END_MAPPING_CMD,15,SNP_MAPPROPDEF,5bfe5cc1-902e-4d94-bc79-c9811755758b,,,,,,,,,,,,,,,,,,,,,
SnpFKXRef,,,,,,,,,,,,,,,,,,,,,,,,,,,,,,,,,,,,,,,,,,,,,,,,,,,,,,,,,,,,,,,,,,,,,,,,,,,,,,,,,,,,,,,,,,,,,,,,,,,,,,,,,,,,,,,,,,,,,,,,,,,,,,,,,,,,,,,,,,,,,,,,,,,,,,,,SNP_MAPPROP.2375568,CW_PRJ_EDW_PILOT.Test.Test_3.END_MAPPING_CMD,16.4.6.15,SNP_PROJECT.SNP_FOLDER.SNP_MAPPING.SNP_MAPPROP,d0982984-9a7b-4c08-a717-4b182c3ecf13,,,,,,,,,,,,,,,,,,,,,
SnpFKXRef,,,,,,,,,,,,,,,,,,,,,,,,,,,,,,,,,,,,,,,,,,,,,,,,,,,,,,,,,,,,,,,,,,,,,,,,,,,,,,,,,,,,,,,,,,,,,,,,,,,,,,,,,,,,,,,,,,,,,,,,,,,,,,,,,,,,,,,,,,,,,,,,,,,,,,,,SNP_MAPPROPDEF.8,DATASTORE.COMPONENT_CONTEXT,9.17,SNP_MAPCOMPTYPE.SNP_MAPPROPDEF,4f77c2bb-0968-498b-9cd4-7175bf7c539b,,,,,,,,,,,,,,,,,,,,,
SnpFKXRef,,,,,,,,,,,,,,,,,,,,,,,,,,,,,,,,,,,,,,,,,,,,,,,,,,,,,,,,,,,,,,,,,,,,,,,,,,,,,,,,,,,,,,,,,,,,,,,,,,,,,,,,,,,,,,,,,,,,,,,,,,,,,,,,,,,,,,,,,,,,,,,,,,,,,,,,SNP_MAPPROPDEF.19,DATASTORE.CHECK_NOT_NULL_INDICATOR,9.24,SNP_MAPCOMPTYPE.SNP_MAPPROPDEF,98fa7545-cdff-44fd-99a7-b5ef26f70b58,,,,,,,,,,,,,,,,,,,,,
SnpFKXRef,,,,,,,,,,,,,,,,,,,,,,,,,,,,,,,,,,,,,,,,,,,,,,,,,,,,,,,,,,,,,,,,,,,,,,,,,,,,,,,,,,,,,,,,,,,,,,,,,,,,,,,,,,,,,,,,,,,,,,,,,,,,,,,,,,,,,,,,,,,,,,,,,,,,,,,,SNP_MAPATTR.1403549,CW_PRJ_EDW_PILOT.Test.Test_3.pmt_meth_type.OUTPUT1.Pmt_Meth_Type_Desc,16.4.6.13.7.18,SNP_PROJECT.SNP_FOLDER.SNP_MAPPING.SNP_MAPCOMP.SNP_MAPCP.SNP_MAPATTR,3cc32c59-8124-4e4a-ae5f-b44af45ff3c1,,,,,,,,,,,,,,,,,,,,,
SnpFKXRef,,,,,,,,,,,,,,,,,,,,,,,,,,,,,,,,,,,,,,,,,,,,,,,,,,,,,,,,,,,,,,,,,,,,,,,,,,,,,,,,,,,,,,,,,,,,,,,,,,,,,,,,,,,,,,,,,,,,,,,,,,,,,,,,,,,,,,,,,,,,,,,,,,,,,,,,SNP_MAPPROPDEF.191,XMLDiagramSettings,18,SNP_MAPPROPDEF,73fada02-4b4a-41b7-82a7-015a3bd763d9,,,,,,,,,,,,,,,,,,,,,
SnpFKXRef,,,,,,,,,,,,,,,,,,,,,,,,,,,,,,,,,,,,,,,,,,,,,,,,,,,,,,,,,,,,,,,,,,,,,,,,,,,,,,,,,,,,,,,,,,,,,,,,,,,,,,,,,,,,,,,,,,,,,,,,,,,,,,,,,,,,,,,,,,,,,,,,,,,,,,,,SNP_MAPPROP.2375555,CW_PRJ_EDW_PILOT.Test.Test_3.XMLDiagramSettings,16.4.6.18,SNP_PROJECT.SNP_FOLDER.SNP_MAPPING.SNP_MAPPROP,429c74d6-6b8e-40c3-96df-0ec9c46488bd,,,,,,,,,,,,,,,,,,,,,
SnpFKXRef,,,,,,,,,,,,,,,,,,,,,,,,,,,,,,,,,,,,,,,,,,,,,,,,,,,,,,,,,,,,,,,,,,,,,,,,,,,,,,,,,,,,,,,,,,,,,,,,,,,,,,,,,,,,,,,,,,,,,,,,,,,,,,,,,,,,,,,,,,,,,,,,,,,,,,,,SNP_MAPPROPDEF.194,TARGET_LOAD_ORDER,17,SNP_MAPPROPDEF,9404d502-7340-4269-be5f-b175f57f0268,,,,,,,,,,,,,,,,,,,,,
SnpFKXRef,,,,,,,,,,,,,,,,,,,,,,,,,,,,,,,,,,,,,,,,,,,,,,,,,,,,,,,,,,,,,,,,,,,,,,,,,,,,,,,,,,,,,,,,,,,,,,,,,,,,,,,,,,,,,,,,,,,,,,,,,,,,,,,,,,,,,,,,,,,,,,,,,,,,,,,,SNP_MAPPROP.2375554,CW_PRJ_EDW_PILOT.Test.Test_3.TARGET_LOAD_ORDER,16.4.6.17,SNP_PROJECT.SNP_FOLDER.SNP_MAPPING.SNP_MAPPROP,1bef6e64-cbe8-40e5-bdcf-b4c85d77b7cb,,,,,,,,,,,,,,,,,,,,,
DwgExportSummary,,,,,,,,,,,,,,,,,,,0,,,,,,,,,,,,,,,,,,,,,,,,,,,,,,,,,,,,,,,,,,,,,,,,,,,,,,,,,,,,,,,,,,,,,,,,,,,,,0,,,,,,,,,,,,,,,0,0,0,0,,,,0,,,,0,0,,,,12.2.1,,0,1,138,,,0,,,,,,,,,,,,,,,,,,,,,,,,05.02.02.09,,,,0,,,,0,,,,,,0,,0,0,,0
